Media Filename,Media Caption
media/7bef351c-52bd-4489-939d-67fa800c1e27.jpg,""
media/764c5dce-15fc-469c-b92a-f71b857647d6.jpg,""
media/d178b999-6bbd-4579-95ef-d9cf44adb2aa.jpg,""
media/e09f304f-6cc8-4752-8e04-2e461ff7b969.jpg,""
media/2320c228-909d-4f3a-adbc-d4dd49599776.jpg,""
media/dbc2dfdc-d17d-4d66-999a-a4dd7c9c9013.jpg,""
media/71ffd693-683c-44ee-8296-0d1a3f5e2526.jpg,""
media/f9ed8bab-22ff-44cc-bfba-f1745dffd595.jpg,""
media/4ab3eb29-183d-402d-964f-3bc69e141b62.jpg,""
media/a59b6dec-c5c0-4968-9249-88ce1f1161a9.jpg,""
media/e404d363-4abe-4e0c-a352-2b7368eb1046.jpg,""
media/a36e0192-c667-4d8f-953d-69d5800a1a0d.jpg,""
media/b7a4bffb-dd8d-4cdb-9ad8-dddc654d62e8.jpg,""
media/3c3bfb78-0483-450e-8a90-bd2936fdbbe0.jpg,""
media/7b5646d2-9be5-42fa-b643-8358d2a994c8.jpg,""
media/c2cbc04c-e960-4183-9c09-d09c5729d7d3.jpg,""
media/c8bdc3c1-8fc4-4575-9023-d716c6f6149a.jpg,""
media/73ca58d4-35dc-4dfe-93cb-f5ed3f7cda0c.jpg,""
media/601a0a2e-b9ab-4f46-9b27-2057a0651b13.jpg,""
media/975fab16-83a8-44ec-bba3-60d1f377c067.jpg,""
media/d906c3eb-4f81-4643-a26a-8ef0f8441849.jpg,""
media/e7047791-610f-4429-8771-ba966253c123.jpg,""
media/b6a1da73-8700-4e10-961c-900649c07333.jpg,""
media/7321a21c-bebb-4e75-b364-ae6de2a6b444.jpg,""
media/5557bbde-e0a8-4ca4-91c4-d7e69b56089c.jpg,""
media/6916478e-ae2b-43d2-bd44-4e049b7c0253.jpg,""
media/8d219e36-c389-4310-a44f-8d3007a49dc2.jpg,""
media/610f1406-70aa-4f20-84eb-30ebe5a51b1c.jpg,""
media/634984a1-515e-4dee-9c29-b1f92702cc64.jpg,""
media/3ec6a57d-79d8-4def-b407-a985d3400e7c.jpg,""
media/ce598bd9-6268-41aa-9447-87d8a6c68875.jpg,""
media/546975b4-9081-4615-b9f8-bad172dbd976.jpg,""
media/9d5f2925-2cdf-41d5-bb72-391bfeb880ef.jpg,""
media/703ae5b7-5c2f-4322-adf9-5833e0a1d411.jpg,""
media/3f7c9897-908d-4541-83de-2c8ab0509cea.jpg,""
media/2f9a9570-a357-4d1b-8833-975f8e7972b6.jpg,""
media/f6d57ac5-082b-4a0a-9b7a-8814a33f64c8.jpg,""
media/f8c931a6-956c-4cba-a879-2902d018280c.jpg,""
media/3f6c7510-4183-4cb7-8ad8-bbdd1a373cd1.jpg,""
media/93448a3b-28b0-464d-b012-0014baff8500.jpg,""
media/20e2f51d-8bee-49d7-a882-bec02751a180.jpg,""
media/0c48c595-d664-44f4-81b1-cd881f6774e6.jpg,""
media/6269d153-dbc9-47a6-a28a-ae8262661c44.jpg,""
media/6ffcc707-9521-4aa4-9544-d10c10cc5d26.jpg,""
media/c50be3a7-5394-4459-9297-c06598c14f55.jpg,""
media/2ad12634-14c1-4be2-8902-189d14cf4377.jpg,""
media/4a3f0da2-e094-47c2-8997-a930a9d211d4.jpg,""
media/69631244-c8be-4ed4-8940-bceaaf15684e.jpg,""
media/bcf22698-dd7a-4255-9c98-d7a9b89c3717.jpg,""
media/16e7dade-64df-470a-9986-5496e6b4e2e6.jpg,""
media/1bca9609-c5d0-4070-9308-99c99ef44546.jpg,""
media/ab494d6e-9670-4d8a-bbca-5e83173a4216.jpg,""
media/01df4b2d-3987-4c43-aa8c-6130735925f7.jpg,""
media/1db7d9e5-37a5-4e26-bd5e-918808c7318a.jpg,""
media/07cf0a75-1bc7-492d-b772-bc6cc7c3fdc8.jpg,""
media/cfc84f9b-af44-4f37-8845-4b149e76190a.jpg,""
media/2c91ee49-cd66-43d1-b2c4-f14e4aa2f7d8.jpg,""
media/879de775-680f-41c0-a8e7-3e4504d76b33.jpg,""
media/78abee86-50f8-4a1a-ae23-84c9b80b2bec.jpg,""
media/38317357-6313-4826-af2d-1146c8bd47f8.jpg,""
media/2dcb6cf9-eabe-49e0-8a87-164b546a6594.jpg,""
media/ce9d46f5-dd3c-4c76-921c-d8b3e5e4dd43.jpg,""
media/07a7ca06-d734-42fb-aae9-b50936728075.jpg,""
media/b66e4c6e-f902-4cfe-b20e-679a992e0841.jpg,""
media/b24601c2-28bd-48bb-8b38-404e24c82527.jpg,""
media/5393f08d-1e45-4570-ad3d-01d164d00096.jpg,""
media/7c1f7af1-44ff-4ecf-9d69-a35b81daf98c.jpg,""
media/67811804-df79-4b2e-ba4c-a4a2af5f142c.jpg,""
media/451f0e4b-87ec-4bd7-8683-138b939146af.jpg,""
media/a609b60a-bc5c-475f-b888-7203b60e97eb.jpg,""
media/cc02f710-0dc9-4bfb-a4f6-08d5d54c33d2.jpg,""
media/5d3ea1da-930c-4f44-93c5-554bb46e2435.jpg,""
media/029edecc-c581-495e-98b5-a7a9d9aabaf3.jpg,""
media/d1847872-8032-4c20-bc4f-61781f8777aa.jpg,""
media/f54de2cd-6a55-4326-b9bc-2b2fa6dc96c0.jpg,""
media/f4312d0e-1ef1-4bd1-baae-f382858f5ca0.jpg,""
media/38ed9957-0e40-4130-a151-22c811c6fcab.jpg,""
media/078af66b-63d5-4022-ac45-404576c50f09.jpg,""
media/c60d5f21-af42-4893-96cf-2015404ceacc.jpg,""
media/e28dfd27-9cfa-48dc-a475-312f65856e7f.jpg,""
media/a9de6f44-2d84-4928-aa5a-81b2513fa241.jpg,""
media/e91fc20a-974e-43e4-a008-78479a02846a.jpg,""
media/87861016-96dc-4472-b740-d3903ed6a71f.jpg,""
media/ae6a6666-2f8c-41d0-b034-99fb849b16b4.jpg,""
media/0f8e5462-47e6-42e9-b029-82086e4f8c0d.jpg,""
media/02def3f1-cc59-49d0-b308-ca95c5abd0b0.jpg,""
media/e36682fa-cf1a-4aba-add3-1458155748de.jpg,""
media/b6b9d1db-b454-4876-9146-7009afbaef2b.jpg,""
media/8f8ca289-9872-4668-a734-7e5a8fe59097.jpg,""
media/a5703f1a-4fda-4ddf-b215-316db60dd278.jpg,""
media/8417b113-e630-441c-8b9e-a7ae80dead55.jpg,""
media/a7dac58e-f078-47e9-bdd8-2de16907698b.jpg,""
media/dc956720-5539-4583-8e0f-38ef0c9be149.jpg,""
media/fdbfc724-d492-4fa1-855e-a837f9828e26.jpg,""
media/67923d29-ca1b-457e-bead-3f14a3aeae8e.jpg,""
media/bbf8703f-62e2-4ce0-a822-f52497540dc9.jpg,""
media/741b836b-259d-453f-b5fc-aea5b9326648.jpg,""
media/a3cad46d-6497-4c9d-89c5-6d16a7fb167a.jpg,""
media/f186dfc9-199e-42ca-9582-7d2bbf6bd665.jpg,""
media/40be406a-6f1f-49f9-8c33-109b4f074506.jpg,""
media/3a2c2c68-a454-480c-bdfe-de286f79a286.jpg,""
media/4109a6d1-bd8a-4203-9bf9-fe6a5f73e8fc.jpg,""
media/34b018c9-f6f6-407f-a982-8dab5a2c894d.jpg,""
media/c38d20df-0fc2-4ce9-8d1a-ea85c4bb6839.jpg,""
media/21edcfee-1b34-41af-89e4-3ee05e573562.jpg,""
media/66bc2891-d8e9-4520-9a49-ee89b34cb56d.jpg,""
media/b5392426-4771-4ccb-a658-5f0f352650b8.jpg,""
media/6458329d-968b-4410-8e97-6f81be04e1f9.jpg,""
media/fbe4a6f0-3bc4-4720-b212-08f4193ad47f.jpg,""
media/18048733-c0e1-4a3d-9cc1-9fc6cc35c093.jpg,""
media/02c7ff6d-7677-42ae-b2b7-8891d51272f6.jpg,""
media/ec423fa6-2fad-4d8d-83be-a297f2f2fa6c.jpg,""
media/301c41d6-2436-42af-9ae8-327808c11407.jpg,""
media/e81f83ea-9f06-41a0-b60a-417b045ee0b4.jpg,""
media/4b268246-6c58-49c6-9edf-e35c31776726.jpg,""
media/2d32e590-50df-44e7-bacf-d9cd16e80bbb.jpg,""
media/4b35c59e-3c2e-46eb-ba12-dc7968a63403.jpg,""
media/85686310-f1fc-4e18-a768-af4f3a145d63.jpg,""
media/259ece08-5ca3-4e38-b685-4a32a5604941.jpg,""
media/0177fffc-55be-4957-95cf-8adc41f99d44.jpg,""
media/c010fa3b-ab4f-4509-87e7-31cb08695a54.jpg,""
media/c9a8f198-c136-42ab-9f87-970c1779d9c8.jpg,""
media/1202da48-1c4a-4ab8-80c5-6a6cab705c9f.jpg,""
media/72535dc4-4d53-422c-8d3f-0ee1943956a5.jpg,""
media/d40a7545-8132-4137-8a82-2546f6b300de.jpg,""
media/1f0f14e3-8dad-4a55-acd0-489f571f0a5c.jpg,""
media/bdc6a084-542a-4392-972c-cace14dcb4f0.jpg,""
media/2c68c553-a655-4703-8b42-c04f5a702b80.jpg,""
media/bcf5dd2a-a012-43f4-8333-49e54237a629.jpg,""
media/35793bf2-b740-485e-a129-383b402d047b.jpg,""
media/9bef1d62-efa6-4d2c-94bc-8bae7a1551f6.jpg,""
media/f5123609-5eb9-45f4-808e-489cf46d4598.jpg,""
media/00166c7f-ab32-4adc-86a0-d9ad9493a882.jpg,""
media/910acac6-b65f-4879-9015-260d8fda73d6.jpg,""
media/f840357f-0797-49e6-847a-0c0802571193.jpg,""
media/7034043d-4388-457f-91f7-78e8edddb98c.jpg,""
media/cd2ff709-159a-4f3a-ba39-0a9b1a7912ab.jpg,""
media/0de4a1d5-39dc-4535-b79d-98138118b05f.jpg,""
media/2908d9b1-6042-4e60-a5f8-ab4410638657.jpg,""
media/618ac9a8-2ca4-4b77-8af4-345529245586.jpg,""
media/3744787e-5f51-463a-b6ea-81ecde9b5aa1.jpg,""
media/0bd6fc56-ee8e-4dcb-ba0c-f232f341791a.jpg,""
media/f33b30a9-4b8a-4fab-b4f5-83beb9d2a4c3.jpg,""
media/8f0cb7b9-8a53-439d-89ce-6e1b0db5f15f.jpg,""
media/adf996d7-cabc-47ee-9e53-58d386f3e4be.jpg,""
media/a1f5ba03-1b01-48bf-8ab8-9bc6ce669d10.jpg,""
media/095d6653-57b8-4d68-83d1-b443ec0842f2.jpg,""
media/e3d99087-09b8-4b0a-9f16-510d4c1335fe.jpg,""
media/0215d2cd-03f8-4c6e-9b37-f0f210bdf5e3.jpg,""
media/06964f45-3773-402f-a867-8c93f54bc0a7.jpg,""
media/14d6d021-22cf-4ea3-998c-6bd75bbd56a0.jpg,""
media/e95cbaa0-63e6-4d6f-85db-024f3aedea96.jpg,""
media/de572832-0198-4615-a2e7-5dba5025637e.jpg,""
media/7f3ab57e-e808-4bdb-8f8d-1604492095d1.jpg,""
media/3afa405f-3b85-4502-958f-5f4101927eac.jpg,""
media/a99b3ec6-9333-47df-b9ad-ff73f8d88e3f.jpg,""
media/0c557f59-829f-4c76-885b-7fb987d2c87b.jpg,""
media/6d0960cb-ef2b-4c1d-8279-c0ce0e44f4a0.jpg,""
media/24b7fd98-6fab-47f0-8adb-2b41881eb957.jpg,""
media/371ee2e3-5d7d-4ea2-b292-ac727a791627.jpg,""
media/c698e84e-c5bd-4592-8735-0299d5718808.jpg,""
media/6570bf3f-ab21-4a5b-a6c7-464e530f3eec.jpg,""
media/b19dbca0-791a-443a-a60c-9b076326ce4c.jpg,""
media/5590e07b-4c08-49eb-8110-f1cfd54f97da.jpg,""
media/8c9e5936-2290-4259-91c5-63698e2cc75c.jpg,""
media/4b145c71-7f4f-4cb5-b7bf-5273cc661918.jpg,""
media/7c5ef476-2e40-429a-97c4-fbce87b47167.jpg,""
media/462da202-3d2b-4ef7-a878-c9fda689bbeb.jpg,""
media/f37ec569-04b6-42ad-aa27-e39cd948ae99.jpg,""
media/eabaab4e-9467-4187-a006-1d7ae1bcb121.jpg,""
media/aa705064-60c2-4b90-8c4b-5d9980540049.jpg,""
media/a71e647b-946a-4609-b48d-8477bbf15440.jpg,""
media/cd750cdf-3af1-4dfa-b8cf-b340d857be88.jpg,""
media/5c793801-9083-4ad2-8558-27ed84077c73.jpg,""
media/953ce54d-0ad7-4bc0-9b27-f69f883f86f6.jpg,""
media/65f102db-2ba5-4102-baaf-ce27f6729f49.jpg,""
media/bbfcc02b-a7f1-42bf-b613-80ae5270c5d2.jpg,""
media/a8504ee7-3fb5-476d-b2ae-68582a0a958b.jpg,""
media/baf6a928-0df4-428b-aca7-6b7960bb6cd5.jpg,""
media/aa5e20d7-abe4-4408-88b9-6a428600a23d.jpg,""
media/687049c3-9b73-40dd-8aeb-2bf26019258d.jpg,""
media/860fb34c-9487-41b0-a0de-f7bce2d570b6.jpg,""
media/301d63d1-fadd-4578-940a-42a9334cf6d1.jpg,""
media/53964efe-9e55-4c79-9d4a-871c6edad522.jpg,""
media/06f93e3f-40c1-43ea-ad74-28fbb31dfe43.jpg,""
media/1c521f91-490e-4404-947e-02248f958e00.jpg,""
media/3dd438b3-31d4-488b-a49d-d77574d67867.jpg,""
media/a6a4709f-e701-4422-b1f0-b03df1e9f29d.jpg,""
media/186408ef-79a2-4ac8-972f-0edee7936e3e.jpg,""
media/056094a7-e47a-4cd7-94e3-fb84c5a6104e.jpg,""
media/9e695c43-f978-4c19-8ce9-932f5d9cfecd.jpg,""
media/6d2b0098-d57d-4ba6-bca8-8fe9a07dd8d1.jpg,""
media/79d758ad-6ad0-46d3-b331-16f219f94b6c.jpg,""
media/28088c50-9b83-49da-8c42-7cdfa1179b73.jpg,""
media/f9428d30-31c7-42db-a688-de539fe79919.jpg,""
media/dfbd5721-7b7d-433d-a526-077e0c843294.jpg,""
media/4b2a908b-9b18-4d5e-b317-13e3acbe8ed3.jpg,""
media/13219388-b342-482d-85cb-6d3036b75507.jpg,""
media/946129f1-ae60-4062-9812-68b0d81f8dc1.jpg,""
media/bcc39d8f-a8cd-4973-bd1b-37879a43e5bf.jpg,""
media/d91e2704-aca9-47b5-9e43-90e4bc025f3c.jpg,""
media/d6f01616-1b2e-4381-93fd-f2a90d0dce79.jpg,""
media/f15ed3c3-94b4-435b-8e92-88c90c9b4888.jpg,""
media/dd22e151-3307-4744-be27-e4108236fe28.jpg,""
media/e6d5e4fe-1736-4222-8309-4069a2a664a6.jpg,""
media/61281324-5de4-45b0-bf5e-a75f35431607.jpg,""
media/0ed882e9-6d96-4cc1-b3c5-982abafc3721.jpg,""
media/04442801-24e1-4bb1-8f88-df05d4f72f3c.jpg,""
media/ffb3895a-5255-4aa5-8ac9-4dc27e94c9d3.jpg,""
media/07e9f2d6-9f09-434a-bbbd-acfaf0f0abc8.jpg,""
media/c22e7bc5-86df-4087-ba7b-8f33874596d2.jpg,""
media/8b5a9b2a-e7df-4350-8422-d635fc6142eb.jpg,""
media/b05ea7a9-b325-40f5-a8b5-2b513e20d100.jpg,""
media/b008009e-5d32-4e7b-ad15-412f1052d8ce.jpg,""
media/48f0f503-c36d-4467-a15d-9e88dd82a193.jpg,""
media/0892d40b-dfbf-4a74-ac51-0881899aedb4.jpg,""
media/12839475-7e20-4368-a83a-71d3149577f7.jpg,""
media/5989e5fb-37e1-46c8-9be0-82b7a73f75aa.jpg,""
media/1841388b-74f9-42a8-bf04-5d1206672ca5.jpg,""
media/beeaa5e8-038c-43c8-a754-e1025f86ed7f.jpg,""
media/b5f032a6-0ba5-4b44-b977-4362921a2336.jpg,""
media/d46c42e1-8463-4ad6-b007-3e88639a105e.jpg,""
media/566bf9fa-673d-4d32-ae7d-6a38e5962848.jpg,""
media/59f09e67-0440-47a5-ae41-2b6aef31330a.jpg,""
media/5c4cd143-090b-43b0-b5ab-671511b38e13.jpg,""
media/2db23b13-1e34-4144-85d9-f2aba95f98b1.jpg,""
media/a3d34a5a-7db6-4d7f-8813-8b32899c86e8.jpg,""
media/6e061b5c-90b5-4632-b5b1-7a44f5062a36.jpg,""
media/d18cb505-af91-49af-827a-b3b9334da407.jpg,""
media/4749f714-a153-491c-9842-f60ef56c47c7.jpg,""
media/c1436e1c-72a4-4a69-ac14-ed39623134a9.jpg,""
media/57a82476-24db-4656-a7ef-7aeb20fc27a5.jpg,""
media/ad450d30-933f-4343-b485-4c71dc2208cd.jpg,""
media/7a243332-ec04-4c04-9f26-9eb95a326225.jpg,""
media/dc521fde-3436-496b-9c28-0ae00674a90b.jpg,""
media/2cdb8cd6-128f-48db-98fc-00bca39e9d03.jpg,""
media/c21aa7d7-883f-4c40-91bf-6e94119057f1.jpg,""
media/4168a6d6-5e17-4493-aa45-c3d09a7a1de9.jpg,""
media/c51d5421-1cfa-4ba6-915c-26abb3b29b58.jpg,""
media/ded7a34a-0523-4ef3-ad8e-45b24a784190.jpg,""
media/784a5db2-ef90-4df0-a9f8-3974251ec691.jpg,""
media/8761297f-3b5a-47b7-8ca6-0b046a34f450.jpg,""
media/28fc695a-d8bc-490a-b182-cd4d05341174.jpg,""
media/1233c113-e10e-4aaa-b756-c040bc45cafc.jpg,""
media/5a762c64-2fd3-4d11-81f8-ed10e856ff1f.jpg,""
media/329e06dd-b8d6-46ee-a97a-bd892c3842fa.jpg,""
media/ff6546b3-46c5-4655-bd79-98f6f1f8e787.jpg,""
media/9a4919b1-b147-4a13-ad28-5cce446adee9.jpg,""
media/4ff042db-0a9b-49fd-99c0-54605d71c7f6.jpg,""
media/f40e4d84-44f5-4fb5-858f-966a911ee7fa.jpg,""
media/d660c79a-222b-440b-ae37-d12a590840cb.jpg,""
media/97236cff-f1d6-4aae-b939-76fbce116fb9.jpg,""
media/a84abd15-b391-4e32-b9b2-409f18a6a9d9.jpg,""
media/f268b745-d21f-4148-a01c-0914d932b203.jpg,""
media/6bb8dd5a-6bdb-4570-899e-d01e471db15f.jpg,""
media/8f173ce5-36de-468b-b69a-5be09fd9bc73.jpg,""
media/70fc8d00-da48-442b-9596-430d1147039c.jpg,""
media/424e4c1c-69bb-41ff-8cde-2cb3cdd64ddc.jpg,""
media/103d142a-03d2-42cd-8977-dd5defbc1b06.jpg,""
media/d693f546-1f56-464c-9204-33f1b8ec968e.jpg,""
media/9b2523a4-fa14-43f0-bdea-0d1b30220e5a.jpg,""
media/e0ff72b8-e798-43c3-82de-ed67fe287b5c.jpg,""
media/d9c629d6-5ca2-4607-b40b-0cddcb6f970b.jpg,""
media/af04278b-33fd-4e59-895d-662a24eaad19.jpg,""
media/ca6ce20d-b6f7-44eb-9e5c-574174a802bd.jpg,""
media/ad9daf59-9e79-446c-b648-2551080104d3.jpg,""
media/5b28a01f-107e-47cb-ad24-688b4e490cfd.jpg,""
media/4a8476ee-75cb-4622-906f-a3f7eb98cdf9.jpg,""
media/f942de82-1ed8-4d90-95a6-5c88044e9812.jpg,""
media/8dcd7149-fa56-42bb-b0cf-bf3dece721f2.jpg,""
media/76281bbf-828a-413c-93db-9b57769ac9ac.jpg,""
media/b206c68a-7076-4ccd-8a48-e754668cb7e1.jpg,""
media/821fa52d-ed7d-4cf5-bb5a-94a509839b8c.jpg,""
media/ff88ac9e-d61e-470d-8f32-21443100651b.jpg,""
media/246c993b-3c6b-4e77-ab45-823b94c11d3e.jpg,""
media/644e4cdd-dacc-4daa-af86-0dc763e99e42.jpg,""
media/1ce838cc-0d7e-4bcf-a916-7048252b907e.jpg,""
media/6c0762e2-2ff2-4905-aee8-d2518696ffe4.jpg,""
media/db9703aa-1598-4925-b0cc-f199c0a10a42.jpg,""
media/32b80ea8-2795-4eee-a603-d5672d88973d.jpg,""
media/818c5e77-8fa9-4bad-9df9-9f31b088a0df.jpg,""
media/bde6ca64-9869-42b4-8581-5749766d1f24.jpg,""
media/04faac9f-da06-4d91-8ae9-17afa8a88599.jpg,""
media/04e28514-60ea-4292-86b0-cf373f74ba0b.jpg,""
media/645b6757-98f7-4d6e-852f-c5dba841cae5.jpg,""
media/d562011e-0add-4bb7-9dc1-9ca6e5f23d1e.jpg,""
media/db5e8291-3bd5-4f1e-91f9-4fb7fd870118.jpg,""
media/e68ab016-3f3d-4b75-847b-1a4113a5a35a.jpg,""
media/67bcd247-2cfe-4091-8bb1-c85e116056f9.jpg,""
media/35066e1a-6d2b-4d1e-8d1b-6cc963fa6123.jpg,""
media/c519ad65-3abd-4ae0-ac54-5dab4f5ce7e9.jpg,""
media/3bd8ed34-1c26-4e82-b10c-7c7e912ed35d.jpg,""
media/8392fc7e-a022-4776-a37c-52876dbbe2ea.jpg,""
media/4439fc96-f7bb-4e38-bf25-625e7e6d0137.jpg,""
media/911de338-198c-4210-aac0-2224e7293368.jpg,""
media/954d971b-1c16-429c-9cd8-759fd734847b.jpg,""
media/7326da64-2a08-4582-88de-e3cd7785be5f.jpg,""
media/254ba0a3-334f-484d-b1ae-8ddeda98ee0a.jpg,""
media/e0b8510b-6f5c-4e30-bb4f-fa834c46f60b.jpg,""
media/a2de56e5-5ee0-415d-bf15-b1b353059691.jpg,""
media/050cf17a-f936-492f-9c31-c97c94fd5a82.jpg,""
media/31a74896-72d6-45b4-bbb9-6f9393946465.jpg,""
media/a7254548-df65-47cc-aba2-275d30f0b672.jpg,""
media/2066385f-d3f5-4190-b709-5d54b176c291.jpg,""
media/1f84856b-759c-4bca-a805-a484184f5605.jpg,""
media/19be7bcc-2115-41e8-9653-532a5ddf8a72.jpg,""
media/14b435af-2950-4d2c-828e-e17e0399388f.jpg,""
media/6aea5037-3d34-4d65-abce-76cef61b6a2c.jpg,""
media/686b80fe-c95c-4b41-9842-c6efc0ab2685.jpg,""
media/169b34f1-3ccf-43e2-86ff-d036aa2f5081.jpg,""
media/116c6694-005f-4a26-a1d4-53ee812199de.jpg,""
media/f24f5f80-1433-4b93-a8d4-885cfee285e2.jpg,""
media/da90fb10-974e-4c22-bec2-f6ea69599946.jpg,""
media/390e2b13-dd83-4172-a44c-1213b7787fe8.jpg,""
media/e5a48fe6-d4a2-459d-b421-0ff4c9ceb01e.jpg,""
media/37b7b100-c92f-44cf-9b70-d5fe47184280.jpg,""
media/61053ac6-af6f-4223-be41-0121a5dd41b9.jpg,""
media/f6a5e064-ae91-49c8-a8be-2e8c166fbc75.jpg,""
media/51040372-c762-4d56-9f7b-9fe8afe7d489.jpg,""
media/79674b40-4ab2-487a-8bc1-df6e6fd60a25.jpg,""
media/1ac5cbbd-07a5-4b97-8646-14ed96f76a58.jpg,""
media/4e423de6-d2d4-441a-bc13-1cd5a77f659b.jpg,""
media/11c44ba2-afd0-4a21-8c3e-713cbc717183.jpg,""
media/e5cd2f08-555d-4aa4-a790-e51d1d222753.jpg,""
media/c272430d-75ad-4bf5-aa80-94bcd9610177.jpg,""
media/00f1d6a7-552c-482c-814a-2deeeb1c4903.jpg,""
media/9e09d171-19d3-48bb-a1c5-ec4a261baf19.jpg,""
media/96dc761c-ab09-4ef1-a6b3-4695124ba5e3.jpg,""
media/aafa9af0-7c5c-43c5-8615-93d32836d55c.jpg,""
media/de80c754-258c-480d-aae9-5532e14e308c.jpg,""
media/84a14f6f-b9ba-4359-85bf-6507f32fa92f.jpg,""
media/ebb1dbe3-2d38-49d4-a8c8-fe81fe10bbb5.jpg,""
media/3cbdfac5-b226-45bd-ba54-5aaa7fa6e870.jpg,""
media/472221e4-c15f-44e0-8486-4481579fa063.jpg,""
media/a1333310-f08a-4c71-85c9-956825b704c5.jpg,""
media/c4c9c6b4-5a3d-4069-b455-8fcfb1a0cb4d.jpg,""
media/b0c3abc7-e36e-43c2-bb01-a9c4a1188e49.jpg,""
media/d99ec259-63e5-4752-bb77-4c97427772e3.jpg,""
media/1ebd89ff-e9e4-4f84-a8a5-8e277d27c9ef.jpg,""
media/eb045cf5-f922-4c8e-bd9d-7a85e8d95f68.jpg,""
media/836a5aaf-1dc7-4c08-a99d-d58a2867ba16.jpg,""
media/9f2c7dca-b147-4268-9e1e-b8b8aff9c171.jpg,""
media/21ad0a4a-42e9-45ad-bd30-42584083c77f.jpg,""
media/bd2a3fe4-ab60-4880-b59c-6d2004aad4c7.jpg,""
media/f2c1522f-51f7-4fa9-9ab8-9138b3df375d.jpg,""
media/b4c47bf1-d46f-4015-967f-8479735c59bf.jpg,""
media/a9a9b806-0c61-41c0-af54-a2fe4d0223e6.jpg,""
media/ebaa7900-e63c-49a9-aa4c-f93d0e5bc940.jpg,""
media/e0b829fc-c2e7-4ca5-9c68-00d3c4d473a9.jpg,""
media/f751f37d-3da2-49d8-a6f5-01659c458936.jpg,""
media/70153530-bba5-416f-80ca-c2e1bb57ba7a.jpg,""
media/d1db7108-d8ac-4daa-b5c6-7d5afe2f8fbc.jpg,""
media/e9bd4e55-86d8-4d29-85f0-78b967734a0b.jpg,""
media/888b69c1-fbb4-4cbb-a9f0-c69faf70854c.jpg,""
media/3bb2548d-7b42-4914-8488-ed3454fcffbd.jpg,""
media/d91bbc6a-e000-4370-ac68-43565524d2de.jpg,""
media/a08c4d7d-62d1-4b38-a0f5-f1f95ab430d9.jpg,""
media/1955b96e-916c-4198-8c91-b956a19f8356.jpg,""
media/275e7794-aa3f-4d38-ad09-e9063b2ff7bc.jpg,""
media/74049e36-98f4-4440-9b90-e6ba7b9bcf58.jpg,""
media/c6887087-ffe5-4d5b-afb8-3a4b6b620bce.jpg,""
media/e079d008-66f1-4e01-a052-4e5085e7d93b.jpg,""
media/f6019b84-73e9-41fc-ab2a-5d76866dbebf.jpg,""
media/647ca502-ebb5-426d-b23b-3a6a214a81ae.jpg,""
media/63d2c4a9-50d6-4473-86aa-cef6081752a7.jpg,""
media/35a71b09-95dc-43b5-a978-2ec790e76b75.jpg,""
media/d8a763f8-dee1-4007-9248-892c7d67a589.jpg,""
media/b0e2c114-18e2-45c2-9a9b-494c55252cea.jpg,""
media/b404c375-03df-4ea9-9e61-b9d192701654.jpg,""
media/4adc61f1-223e-43f0-8c5c-948d2c876f01.jpg,""
media/7e240c5c-66d6-4aab-b17f-7e94952357f7.jpg,""
media/b64bc9b1-1d01-4e8b-931f-717ee456b23c.jpg,""
media/26481508-ee2a-403d-a3fe-944a9a7f7191.jpg,""
media/190f40cc-4b24-4d93-b881-706e09475494.jpg,""
media/d37b85e8-0b7e-49a9-b8b0-611fe0c4fa9b.jpg,""
media/f151e1ac-dbd1-4432-8869-d5885c3c4e4c.jpg,""
media/7026f6bf-4759-4874-ab5a-ef931f15c320.jpg,""
media/4156b83a-f636-46e7-a5e8-0279fc93b741.jpg,""
media/f252c9ef-3241-4519-8826-b8e4db3b07b8.jpg,""
media/98dc1c92-c3f0-490e-a3b5-9fc6d4fe35d7.jpg,""
media/b815f43d-8106-4369-a841-12078851878c.jpg,""
media/6dc931b6-3d28-4911-aa0c-f34f51ee9ec7.jpg,""
media/602592f8-cc29-4173-b303-a902d98f08ca.jpg,""
media/264f2135-964c-44c3-91f2-1e298d89f6d6.jpg,""
media/d13bd800-defc-48f9-8daf-9dce1d075b43.jpg,""
media/434b5530-6276-4a5f-a165-bcaec72bbeb9.jpg,""
media/f4b71cb7-797e-47a7-9976-57e3ad3350d3.jpg,""
media/13b08443-3e67-4d56-b05b-78fb3833f3ee.jpg,""
media/48cffc7b-47fa-4aeb-8cdc-ac65a4efe7f3.jpg,""
media/ba8bd3d8-c25f-4405-b35b-2923942d87dc.jpg,""
media/43fe9214-61b6-4dcf-9862-aec29725fb3e.jpg,""
media/c6ced361-a899-4539-a52d-f2c284ac68ac.jpg,""
media/9db885cf-5c1b-4c95-a19e-72a581669580.jpg,""
media/a9339534-f717-42e0-8101-7903a4d4218b.jpg,""
media/ebfd1a9b-7a79-40eb-83e7-a8226769ff8c.jpg,""
media/4c77c29e-cb04-42c2-8317-bf2b6f5fbb5c.jpg,""
media/21ed9dd4-20d2-4641-a33a-c50e26baf98c.jpg,""
media/57aea020-7d90-42e4-b194-9e12c7226d29.jpg,""
media/1a116191-ae00-4f3f-9a83-1abbd4aff833.jpg,""
media/908a84fd-7530-4bd1-9be8-ce7f8864054b.jpg,""
media/21b7d224-9e84-45d8-ab33-e2bab0f15da0.jpg,""
media/06b135a0-f387-4c0a-a9a3-2f94898ecca1.jpg,""
media/bd35b0d3-d79c-4448-92c3-9a83f0a9a2f2.jpg,""
media/ac284370-7a9c-43e6-9ac3-d46fa8c802b9.jpg,""
media/573d3102-024e-4452-821a-d9d3c3b8c120.jpg,""
media/e72da62c-e32a-4a11-9cdd-c6ce09e490f7.jpg,""
media/a7d19161-3246-4bb6-bbc6-ee476bede0c1.jpg,""
media/1f5a2ca2-5163-4311-93ca-1256215b06f0.jpg,""
media/9c07628c-6755-422a-aae2-2babf567e3f7.jpg,""
media/faae25f7-a935-4685-ab64-e43be87de84e.jpg,""
media/ef85fd55-3f2b-4b12-af55-d49b881930cd.jpg,""
media/ae47092a-8ad7-4e84-8ce2-4d32d6e2b569.jpg,""
media/7b2fe168-8746-4f16-8d63-fc0c6df5c8c8.jpg,""
media/90321f71-9e96-4f2c-afce-54e318fcbd8f.jpg,""
media/a4aec511-2d9f-4589-a12f-9a4d8ce3a535.jpg,""
media/73403ee8-df34-4cfc-b239-602cbc91f5bc.jpg,""
media/697d7e22-535d-47f1-a219-52e69b08e1ea.jpg,""
media/d9069f32-722b-4b1a-a35a-d63b3972d66d.jpg,""
media/1a93ee02-bfe6-479c-a6f9-f782cffe66c8.jpg,""
media/b8fe71cc-003f-42ef-837b-a023ee1beda8.jpg,""
media/c78b5f84-b6cf-431c-98ac-70d9365a1e3b.jpg,""
media/09ea9763-b662-4fe7-a7eb-3d658d8b40a2.jpg,""
media/ec124121-7216-494a-aa0e-3bbda282a48b.jpg,""
media/3c52208b-6050-4a62-b0a7-1d62630f2e25.jpg,""
media/f9c9d2bb-f121-4d98-9ced-33a2d6f2be8c.jpg,""
media/dd81ac1d-5c6f-47a7-9f31-abeaa03a96c1.jpg,""
media/5ab4eced-da41-43e9-89e8-8a5f4f523220.jpg,""
media/3b38c14c-67a0-4aaa-9204-9c1e8a5a5722.jpg,""
media/0d14be95-a37a-4172-80a2-d952f2fdfb46.jpg,""
media/cca26007-fc4e-4181-8421-be47740743a7.jpg,""
media/ccdc525d-6b59-47a2-9538-b96266a65deb.jpg,""
media/3e87cba2-6f59-4752-9b4a-6f4fd3173714.jpg,""
media/94b290a7-d108-4f69-a7b3-bccf3ecc7251.jpg,""
media/45b6aab3-a353-4387-a139-b51428cc70c5.jpg,""
media/25d686aa-5c79-45c2-a83c-494faaf133c5.jpg,""
media/40e2b9b8-1b3f-46a5-9e8d-a027b9fa83eb.jpg,""
media/6b23c55d-6d4a-473c-aa32-54ce929def86.jpg,""
media/943c499c-224b-4e68-97e1-37adae777801.jpg,""
media/c8e846d0-dafd-4450-aae8-7e90234351a8.jpg,""
media/0be3ed59-7477-4f77-8686-260d5d4c1b3d.jpg,""
media/eb07bca4-845e-4d42-aef6-220d12092a14.jpg,""
media/bfb78a8a-681b-4e4e-bdcf-9340abd89a2c.jpg,""
media/f6ef0631-545b-497b-b09d-33a2a94738fd.jpg,""
media/69af8154-0224-4a82-bc11-86d19614869a.jpg,""
media/bde76ec2-7703-4487-b091-890c1f29ede2.jpg,""
media/1b7c29f8-ec34-44af-b4d3-d50fc10e7521.jpg,""
media/c4eb30a2-160f-4c8e-acfc-05ada3b067fc.jpg,""
media/3c358354-63ce-4e02-bda8-933fb27a92a1.jpg,""
media/d08a2cab-9e5b-4d02-a6e3-1609f7a04d6c.jpg,""
media/5214aecf-a9a0-4319-9999-9559fc8d9465.jpg,""
media/110898ca-fa27-40d9-8904-6694a8cf79b4.jpg,""
media/1fbde163-d5b7-4903-b717-e68aa86212a8.jpg,""
media/6234edbf-9bef-4898-859a-0cedec226ad3.jpg,""
media/9b5a7bd5-119d-40b9-aab5-74413c67218e.jpg,""
media/c92b7584-8275-45cf-9c9a-2c1c02b2ca48.jpg,""
media/d6eadaf0-72fb-4eeb-ac99-81766d60432c.jpg,""
media/3bae6bfc-8cac-43d8-b745-e971d405cca4.jpg,""
media/0020d9af-1d44-4c33-a253-90bf587dbb75.jpg,""
media/cb15b814-115e-4a80-a8ed-5af0b9ef88a4.jpg,""
media/d0eb6945-9bfd-437d-b162-f3d8da58fcbe.jpg,""
media/bfb3dc43-db69-4b85-a1d0-0597a9adf687.jpg,""
media/4460cc61-e422-421b-b29c-3664f53822be.jpg,""
media/724142bd-ca06-4711-8c36-4fb112549b50.jpg,""
media/c61199cd-c610-4bad-9090-71b3e1096c69.jpg,""
media/caf228ec-e607-4d5a-ac5d-2937b343bad3.jpg,""
media/e0c9dc92-0381-4abc-85fb-879e9452660e.jpg,""
media/d367b35a-caec-4332-8f50-2e2f2ebc57f1.jpg,""
media/20939e9e-3438-46df-866e-002a4bdfc613.jpg,""
media/f1be0a2f-3d6c-426f-b198-f7db6c23e006.jpg,""
media/f8d5674f-1cd2-454d-b6ff-0aa1f3b85f22.jpg,""
media/b6062005-0626-4d01-87d9-520cb4e09b1e.jpg,""
media/da398d15-f2a7-407c-ab43-6c447df2ed9d.jpg,""
media/0ba52c0f-c346-464b-a18b-e5f8ea69b7d9.jpg,""
media/ad3dfdda-5409-4443-a846-b48199a02b6f.jpg,""
media/0408ac03-edb6-4a9f-b3fb-8a6ac384a36e.jpg,""
media/e51ab529-59c6-46b6-9582-d70bca6068c2.jpg,""
media/ca08153e-4a98-47ba-94ae-b041bd656056.jpg,""
media/0e9f3093-7e15-4348-8cef-41a3da1de759.jpg,""
media/44367639-80de-4c22-bad8-bef6c9976671.jpg,""
media/22a73db5-e6dc-48b2-84cc-fc4a85fc7876.jpg,""
media/29f23e39-3377-4738-bb20-d5e26855f830.jpg,""
media/feed0878-3db7-4e76-af83-6d8771632f7c.jpg,""
media/4218276d-84cd-41a9-af04-4925ee3eba3b.jpg,""
media/18d1b32a-e53f-44b1-85ba-ee412acaf954.jpg,""
media/eef41ea6-9b4e-49c7-8794-5fc917e4f6ba.jpg,""
media/c0b4c65d-d98c-47fb-9f4e-c32e04e8a24e.jpg,""
media/e443ad88-bcf1-4cb3-9de9-d823d1b970ee.jpg,""
media/ff13ed28-cb13-407d-80af-56f0ae5b2071.jpg,""
media/b573e603-e6d1-4f22-9bfb-88026887476b.jpg,""
media/e7b4c716-96b8-4423-8211-2e789d2c10f5.jpg,""
media/bade67e8-7fe6-4230-acf6-bc51134d702e.jpg,""
media/e125f92b-e28a-4bf8-9a79-032965c9b28d.jpg,""
media/d6b28ead-1435-4f33-b748-688515d0ec88.jpg,""
media/8e452a65-6997-4b8b-b696-558d50be6ff5.jpg,""
media/87fae199-218a-4410-acac-1477aa144983.jpg,""
media/e5b0362e-da2c-43bd-8d34-22d1a290a5cc.jpg,""
media/09280e79-ed21-496a-883f-fb60cb8a4051.jpg,""
media/4213f2df-b804-4e48-b7e5-37e11bc230ea.jpg,""
media/c987af30-066f-41bf-b00d-fb485c9b324d.jpg,""
media/3150b2a9-9935-4209-b6a0-bf36a349a580.jpg,""
media/02a30539-a0bb-45ad-9c2f-10c6689a827a.jpg,""
media/c33f0f2e-b9cb-4e21-bdb3-c1201c04ed30.jpg,""
media/dacae849-eea2-409a-bdff-0175df004bca.jpg,""
media/ced69c56-5302-4592-aff0-03bd16cbe958.jpg,""
media/7c37b3e9-d61f-4019-b3a4-1fc79d1f7d5d.jpg,""
media/efcd78f9-3cd5-466b-858a-aca965daa5d1.jpg,""
media/5ef39741-f0d9-4d2d-bc2a-9cb94fcd4f9d.jpg,""
media/af227800-f46d-47b0-a4a5-76bb2d985f6f.jpg,""
media/ba874625-be52-472a-bb42-dea2b252dea7.jpg,""
media/84bb5d38-ca54-479f-8783-5298f4f26a9e.jpg,""
media/0e21ba95-c869-4b2b-b71f-ed368d5f0d28.jpg,""
media/43f957a9-5aa2-4dee-98d9-9ff3d3f3d1e5.jpg,""
media/be62fd18-253c-4f13-a861-8178bfe2e16d.jpg,""
media/30096980-8d53-40a1-b75d-2b95db520984.jpg,""
media/36db3f93-1d0e-43a2-a162-004d22d9f7c1.jpg,""
media/587aedda-5121-4e5f-be3f-64a95699fa72.jpg,""
media/1170aed6-9d72-4db0-97d7-0998abea9183.jpg,""
media/b990c20f-9cfc-43f4-9bf8-e1a0db65cb44.jpg,""
media/e450fa89-2c10-4cd8-9a91-9abf4c583d28.jpg,""
media/17251d83-0567-4d0a-b07c-6fd755ad7dc4.jpg,""
media/58b6fb4f-0648-41a5-b84d-fc15b30d0e46.jpg,""
media/f5f498ab-d304-4e4d-b199-c901718fe0ab.jpg,""
media/0a20ebad-88c9-4049-96dc-b204da848c03.jpg,""
media/5753e914-e995-4e8a-b37b-154fb18b2f1b.jpg,""
media/d2133214-2f1b-42dc-8f19-9b773cf91e52.jpg,""
media/7d8cdc33-c305-4c00-af7f-ab729ad9db22.jpg,""
media/b80026f0-2289-4e05-bf9f-20f19d9d6254.jpg,""
media/92cf7352-e24e-4903-834a-68612ca2c172.jpg,""
media/e194f4f5-9f4d-4fe7-bf9a-4d8e5778dac5.jpg,""
media/5dd7dd1b-18e4-4cef-b1d4-481946ca6d03.jpg,""
media/8a506aea-e9f8-45fb-b244-5723c1fa9cb0.jpg,""
media/fd1ce930-3193-405a-8527-84a249aad5bd.jpg,""
media/a4988ccc-85c6-454e-b8bb-430b32fe86fa.jpg,""
media/bc654945-ea24-4dd1-8481-3372228596b5.jpg,""
media/29c7e783-ef59-44dc-add6-02c437f90d99.jpg,""
media/ed6c4036-54fe-43de-81f6-84341b22feeb.jpg,""
media/b3db9969-1468-40d6-ac7e-c403d73d1621.jpg,""
media/868a2933-18b8-4a4c-8618-303be878696b.jpg,""
media/a7a93589-95f6-402b-a19f-ad66a2486dfd.jpg,""
media/e2cd40e6-2968-492f-bca9-875c7172c0b4.jpg,""
media/a3bd59b3-c7a7-4e48-9f08-7c28a1a35348.jpg,""
media/0d89c3fc-cbfd-4a33-970b-f0e9c75ae3e6.jpg,""
media/54f9d8fc-c428-4d26-ad15-b145cb679510.jpg,""
media/be89f9e3-0c04-4e2d-87e9-58b13ab804c1.jpg,""
media/b134c632-19de-48e6-932c-574a789fd984.jpg,""
media/700bdcf0-283f-4dca-97cb-4fc3ab79e37c.jpg,""
media/043a305b-fc42-4624-b643-520cb9015767.jpg,""
media/6d225293-83f4-4216-ae0f-e13888017fdd.jpg,""
media/665e05f0-b0e6-487f-ab48-0d19f64056f8.jpg,""
media/0433f382-9870-486c-ab19-c247c2086987.jpg,""
media/00ffbdbc-d6ac-418e-a3b9-2e13b5e24944.jpg,""
media/b448b68a-3de7-46e5-a63c-d0718f3868a3.jpg,""
media/41733923-19d2-428a-8647-446dc74552bf.jpg,""
media/8d6eef87-d940-4bc7-8fad-e65ddc247449.jpg,""
media/96d9f1ba-eeb1-40c3-8496-5663801516d4.jpg,""
media/4aaaaa7c-e846-493f-b83b-608463f7e0fa.jpg,""
media/64501c99-0ea9-41a6-8d01-52a6378372b8.jpg,""
media/062c34ab-f009-4fca-8ad0-aa0f11dc159c.jpg,""
media/fac6bfa7-89f1-47b1-a66f-9d6c1902cf38.jpg,""
media/075818a3-43cc-438a-b0ab-388ae5383c4d.jpg,""
media/28a95dc7-540a-44d3-9986-3a6aee88464d.jpg,""
media/727e19f8-71dc-4df1-b913-edaf97ff1b6b.jpg,""
media/6c8620e8-bc33-4c06-bb5b-ff98d604df42.jpg,""
media/fbafc649-6a1d-42dc-9cde-402dc9792a69.jpg,""
media/e491b294-b72b-48b1-aed4-4d9352ac2048.jpg,""
media/b05a34a5-d341-438b-9fa9-025bf1039ea1.jpg,""
media/1f669c4f-b4b3-4845-bfc8-29f58de8958c.jpg,""
media/2d510b79-1200-4cc8-b681-e00130f6c7c8.jpg,""
media/03d021bc-34fd-4258-ab0f-3132b1679704.jpg,""
media/09d2950f-c32c-418f-8d08-e90c94d7a170.jpg,""
media/5fc0a738-11b0-4b2f-87d2-3c2ab9c67490.jpg,""
media/42db2311-2aa7-4235-a8dd-56c7ef7c79f4.jpg,""
media/fb3ae7fc-4617-4943-98f3-6d7726085e1a.jpg,""
media/e0b74aba-3e37-498e-bec5-56358f90b2b9.jpg,""
media/18ec487a-c1cc-4aa1-811f-f7edce27ecae.jpg,""
media/599f927e-1cd7-4813-b3de-b6bfb43c26a1.jpg,""
media/d8aeee0c-d9be-49f3-82f2-b9ee7173c0e8.jpg,""
media/32c4c105-5f94-4209-88c5-6857fb2a3152.jpg,""
media/c0ece65e-142e-407f-827a-d966246d743b.jpg,""
media/22cc44d5-0f3b-4d16-b9e6-e437512006f7.jpg,""
media/04ea5e7a-4e22-429f-b48b-555bdac95708.jpg,""
media/04ea15a6-d817-4e0f-832d-9e6ffc881f5f.jpg,""
media/1f64ed6e-f881-4a38-97d6-3c47ae82024f.jpg,""
media/b28a1898-dd0c-421e-9da9-c778b5041411.jpg,""
media/fb667b09-0703-45e1-82b2-bbfbde23eb23.jpg,""
media/029de15e-98e6-41e9-9e8e-aca8a272356b.jpg,""
media/414c8fe5-1186-41f7-9b29-199d73404f73.jpg,""
media/a268d51a-3fe0-4b85-93a1-09c47cb712bd.jpg,""
media/5556e3c4-6dae-42e0-90ec-b3e3dbe801a4.jpg,""
media/2eb276dd-4f77-46be-af42-8675c3fa634e.jpg,""
media/d8ecaf7b-fe8b-4f91-b628-4fe0574fcd23.jpg,""
media/e64ed548-11b4-4b7e-9635-338bad1a3c88.jpg,""
media/062f506b-36e2-4f19-a76a-4425dca19615.jpg,""
media/4561ef7e-fde4-4a74-858e-bbe3b787dce4.jpg,""
media/2ac950b1-b868-4afe-8a42-ebd6706613ae.jpg,""
media/b2949456-764c-4a29-98df-8fb4b8ce4fdf.jpg,""
media/ff61b438-6134-4b54-9229-0c3a657079f6.jpg,""
media/ef4426fe-9ea8-4418-b85b-628b6781258e.jpg,""
media/6a076e4e-77ab-4032-b185-eebfedf10646.jpg,""
media/a926ca4c-045d-4911-9c84-dc0c4a4d8458.jpg,""
media/f7846c5e-3306-4cef-a1c9-46f20467b7ab.jpg,""
media/e04ccffe-30c9-4da9-beec-1af51a0c524f.jpg,""
media/f63d9c82-d54b-498d-ad02-7d65d8646fa8.jpg,""
media/71715d8d-787d-4134-ac25-4f73896e2349.jpg,""
media/6070256e-ab56-48e6-9455-45657157eeb8.jpg,""
media/03fd662a-d7be-4f87-bf7b-ad98a62c984e.jpg,""
media/e0afdf03-cd6e-48c2-923f-d1e8b8094762.jpg,""
media/36c6c1f0-4951-408d-b374-0ec785d57a32.jpg,""
media/f8c1a2fa-7dbf-4e56-b6d6-c220668f452e.jpg,""
media/149a1f0d-18bf-4c56-b874-75747fe22ecb.jpg,""
media/6cad1246-8218-41e5-9ef8-69eaab8e8987.jpg,""
media/bd408175-1d4f-454a-aeb1-95284657b721.jpg,""
media/486835ec-f3a4-470d-9925-0ef53a24b91a.jpg,""
media/d72789a1-bae4-4c8a-9d3a-436c8a4c8c53.jpg,""
media/7c957741-3447-4dcb-bb78-fb7206eeb832.jpg,""
media/c6c9d47e-a477-4d9b-96b3-546c4df955aa.jpg,""
media/8489eddb-9c5c-49f9-ae9d-04b4bb7cd853.jpg,""
media/bf0bc4b4-fb7a-4900-9738-a396bb3a6c56.jpg,""
media/6ac4fb89-e8d1-4107-90fe-80405a6a2865.jpg,""
media/bf68882f-e4f7-4d90-97ba-954b9d0fdfd8.jpg,""
media/43cea82f-b521-4586-be80-7a5d900a6e9d.jpg,""
media/00a53284-3598-43b1-b528-1fbd02c6b763.jpg,""
media/e2eb3d6b-7302-4e8b-97bc-5b76161d21f9.jpg,""
media/8e71ef97-8b63-4ae4-a401-95499a7cb4dc.jpg,""
media/36071d78-684d-47ad-8941-8e624dbbf856.jpg,""
media/4ad99697-5c2a-4765-95fb-dcb98aaadab4.jpg,""
media/221bf22d-eb20-4162-9121-53cbfcca7ed3.jpg,""
media/6c596840-68d9-4cfa-9696-d0b4419e2ae5.jpg,""
media/809a4a41-31f1-494c-b379-a47fe9edd1e2.jpg,""
media/6c678a02-0962-4175-8583-c5acb19388f6.jpg,""
media/cd5e6ae7-71de-4580-8003-77bb787e904e.jpg,""
media/519dbb00-6b79-4a6b-a51b-ca08b4aae90e.jpg,""
media/2f08af0b-e88f-4577-9aeb-f0d19bd85709.jpg,""
media/955441ff-9c68-4526-a4ec-0f4e31b36011.jpg,""
media/9597a4d7-df20-438f-ae6b-f07074b35a00.jpg,""
media/846d8305-2b63-4dd3-ae0e-d2bdcb0f5865.jpg,""
media/73b546b6-c906-4b0d-8912-270b945fabca.jpg,""
media/c5e0a913-5f01-4c37-bab2-cd1270c55a22.jpg,""
media/f6650bc3-eb44-439e-b01d-ec2787f02c68.jpg,""
media/493ca809-221f-4c44-a0d6-302ae6f259d7.jpg,""
media/d1335d0f-31f2-4c17-9222-b142b18cfdf4.jpg,""
media/33452090-d9b9-4e37-87da-637bdcc66e08.jpg,""
media/a992935b-6096-44c3-8f78-f9504f31e20d.jpg,""
media/f18bccc4-1f52-447d-bb01-2e178ed7163a.jpg,""
media/b43215cc-023f-452b-8404-ecc28bff4d6a.jpg,""
media/614ed457-203c-4c41-a30c-cbcc95a20435.jpg,""
media/1c175cba-fe14-4d45-aa71-37ec23d0a622.jpg,""
media/627e0045-ffe6-47e3-ad4d-fddb7a6ea479.jpg,""
media/d8f513ef-ecf9-4bc1-885e-0938a66b4d78.jpg,""
media/9f27e738-7aa0-4f26-894d-6000179421c4.jpg,""
media/3290831f-2fb7-4784-85b8-0f6cf5c8cc9b.jpg,""
media/45b2d845-fb85-4d25-ae08-961082070a27.jpg,""
media/ae1fd399-39de-465d-bc24-914776b7c19b.jpg,""
media/3e7c4d54-9c25-4593-8fbf-2ad754de0348.jpg,""
media/e6608c04-ab77-47d9-a1c6-24daccc1254d.jpg,""
media/bba62fff-1b63-4e14-9219-b46050cc3ba4.jpg,""
media/6bb81be6-730f-482f-8cc4-c29070fa3a24.jpg,""
media/827a38a1-3254-4763-857a-f227b707e4d8.jpg,""
media/4ead2de4-de1b-4667-a90d-6a3f6dba2cc7.jpg,""
media/0acf5fd8-83fa-480d-a68f-f4e720ab1364.jpg,""
media/3b57dc17-dd90-4098-afed-687fce40c224.jpg,""
media/9cf97e96-66e7-481b-934a-42db32bb42b4.jpg,""
media/ebeaa6e1-07f1-41aa-9516-506b1431f5f9.jpg,""
media/4ba1595f-6a31-4045-a184-ecad951514ce.jpg,""
media/a364ded6-cc84-471c-8b88-c1a881b19082.jpg,""
media/fccf8943-05f6-45c7-968d-9bbe6e65cb86.jpg,""
media/bd125280-ef4b-49ac-82f7-536d9c53eb38.jpg,""
media/0b5adcd7-566f-4024-a6af-69cb4942f2c9.jpg,""
media/d236b594-1842-4d22-abfb-c6146a92f121.jpg,""
media/7b539168-6943-4236-9426-3eb7d2fc6149.jpg,""
media/58038af4-39eb-44ef-9310-4effb61716cd.jpg,""
media/37ef6d98-5acf-4bfe-bf10-b55069750510.jpg,""
media/6e98ca44-f042-48d7-9133-dc088b2e09a4.jpg,""
media/1cd150f4-31bb-473e-98a7-8db3088cc558.jpg,""
media/45abccb9-9724-4f2d-8326-d153a4d98e12.jpg,""
media/431b290c-212e-4c5e-9009-efe6a9b0a1a5.jpg,""
media/351efea9-0011-4ad8-86cd-a896fbbc9835.jpg,""
media/ed543eb7-f863-4749-9220-47e7a32bcbeb.jpg,""
media/a6f16ad1-7671-4e89-a588-fc26807b0e2f.jpg,""
media/10bd5fb5-7fdb-48b9-9b3a-4d2b159e2dd5.jpg,""
media/4332dd30-6035-4ccb-a66a-f3dcab1e20d6.jpg,""
media/1fd42cb4-640c-45c4-ba97-1532c03e67c7.jpg,""
media/4e550fde-db96-4d91-bca0-496a5ee6b590.jpg,""
media/9cadfaf9-aa8e-40d3-bb8f-007287f02d14.jpg,""
media/353436c7-9a3c-4521-8d9e-fb3ba6699171.jpg,""
media/513cba9f-9f12-485f-a76a-0a06e50f7eac.jpg,""
media/4c391353-83fa-431d-b751-04c48283824b.jpg,""
media/5e4aaf34-36f4-4cbb-a4f9-37615815e371.jpg,""
media/13bcbb60-818c-4cc3-acf0-753624906cbe.jpg,""
media/0c855131-658f-469d-bf5a-68c312742d25.jpg,""
media/0d26ccec-cb0b-4eb7-9d04-a14bfa47c1f6.jpg,""
media/05ae389b-e7a6-49ff-9abb-818df939fe9d.jpg,""
media/24e8004d-2ae2-4746-a73d-405e1722f4b8.jpg,""
media/02abceae-66aa-4c3d-b4d1-98855bc5c7f2.jpg,""
media/86e73beb-a1f0-4f11-a85e-5cb72504e05f.jpg,""
media/777a7ee1-454a-41bf-86b8-48dbf5bce16f.jpg,""
media/cf8835b4-a4d6-495a-b084-7f4b680791ac.jpg,""
media/94a6adc8-37c5-4a16-9bfc-d77f0d1d31bf.jpg,""
media/fc37a95b-3e54-4433-a0ff-f5dced212d17.jpg,""
media/11cb6976-a32b-405b-ba03-b26489d6ae45.jpg,""
media/e150a126-eb61-4f99-9538-db7daf107acd.jpg,""
media/a0c3e383-86d8-4593-b4e5-a26c5a2fff48.jpg,""
media/f80f7cda-006d-498f-b3f4-8b9ad3d79e60.jpg,""
media/63494044-aba7-4929-a49b-47722c235d7b.jpg,""
media/2f318af3-785f-4a43-9b09-7a1fcbf4f30b.jpg,""
media/7f3ad732-74c2-4ac0-9966-7d0c79b655bb.jpg,""
media/ee5e7fa7-6c08-46b5-8be1-5d5a00720773.jpg,""
media/679ebe67-5069-4162-98a8-58ef2514e5a5.jpg,""
media/d059726e-9b04-4ddc-b6e3-101dc5ab0850.jpg,""
media/1de46f21-ef21-4f92-8401-bbd1b7d8a2f4.jpg,""
media/fb4accc4-925e-4c2e-ad37-26b21b0206f7.jpg,""
media/ee875de9-c088-46d1-9736-5319ad19d9fb.jpg,""
media/93be94e9-7c35-4720-9d53-7e775422fa73.jpg,""
media/6303b682-302c-4df7-81e1-c55bb049752a.jpg,""
media/26bbb502-7379-40b0-ae3e-81dc6e389407.jpg,""
media/7df5554b-cc79-4454-aae4-b3a7424545f1.jpg,""
media/c33b7336-fe83-43aa-8ab6-4f2bf55aa26e.jpg,""
media/c6e08695-e773-4b85-ada7-0b16fba63c8b.jpg,""
media/d42732a5-0b60-4f8d-b003-4b0567c6e797.jpg,""
media/ebbf4a38-22ea-46d9-971f-30cc011f461e.jpg,""
media/1b94b415-7c58-4a8d-8d14-3e96994f116b.jpg,""
media/b8f4060a-1cc7-48ba-bee3-6547f9d11771.jpg,""
media/0449fd70-d3f8-4820-8364-a2c2300fd6b0.jpg,""
media/3f127524-0ba1-46c7-bef6-fcd79206b122.jpg,""
media/52c6ddf4-6dd7-4b34-90cb-a0a539213169.jpg,""
media/1d5854ba-2220-4a37-9fca-18baa7725be8.jpg,""
media/6288595e-19c4-4f43-a3c6-16c3e8119655.jpg,""
media/caba06e0-16f5-42a5-bf03-859befc1e278.jpg,""
media/430ef28d-32b7-4663-a56f-0e73e2e9001e.jpg,""
media/c8e9d741-2012-4eda-900e-5619f8ab0dd4.jpg,""
media/206f9784-ae7d-4229-a14f-bb74c3ee8846.jpg,""
media/5c01322c-83f9-4d53-83c8-8f5a78be4566.jpg,""
media/198c62b2-3d63-4e99-ac31-adca80c243cc.jpg,""
media/c882f862-f88b-464d-bec6-73f4f1779340.jpg,""
media/0a0a1f60-9543-41f6-9a7a-7985e2b4a48f.jpg,""
media/861d817b-33fe-4c8b-8067-d3db505cfc48.jpg,""
media/73cc8ff0-23f1-498d-a7ab-b876c1221104.jpg,""
media/c7a623f4-5673-447f-a154-b89bb63b6080.jpg,""
media/e66f81eb-c152-4d03-8503-4aa95e309a25.jpg,""
media/3f3b2ea5-67c1-4922-aacd-28218f1cdaaf.jpg,""
media/6c0b1957-8218-42b9-8e7a-2a57bbd2443e.jpg,""
media/673629ac-7689-453f-bd3e-c28b91dda670.jpg,""
media/7e553264-1c11-49df-b76a-eebfd7caf565.jpg,""
media/42071632-3d26-4542-ab3f-0243f730f8d7.jpg,""
media/0a8ada73-5dea-4284-99c8-4dccb614d62f.jpg,""
media/2cb40157-38f9-49fa-8845-6ddb5ff5cfcb.jpg,""
media/efb3ba06-653f-4c4a-a74e-60e276caed3b.jpg,""
media/a18b4df9-ae9f-47d0-85ac-e37a144f70e0.jpg,""
media/476336fe-d10b-4b63-b096-fe39acf759b2.jpg,""
media/91cc52bb-1c70-4618-8c66-4bb1eee3f6aa.jpg,""
media/ec84cbf7-24dd-4f7f-9aa6-fd9df63dc775.jpg,""
media/b112df31-b643-4f72-aca0-1ad528bae061.jpg,""
media/0ef1ea31-103b-4dce-8f22-cbc0d0d24c59.jpg,""
media/828ea5af-0d88-44bd-9e04-81621f356ca9.jpg,""
media/713c3038-4164-44ee-9d4a-57ed8ea4f1ab.jpg,""
media/710d4379-5e7d-4de2-863b-571f0f766997.jpg,""
media/09e2f055-7d3b-4259-87a8-619120ef2432.jpg,""
media/c08ca09f-bc6c-4eca-bc25-768ef02291aa.jpg,""
media/ad8bc734-6e67-40a6-bc41-99201c503603.jpg,""
media/a265384d-00ca-4a9d-b97b-23e7591cc09a.jpg,""
media/e92310ad-038d-4adf-ae74-324ef4fc05c5.jpg,""
media/b7b8e5bb-dd6d-474e-94d1-0f6888b617ad.jpg,""
media/143b2ef5-a955-439e-93a3-1ee5379f2c83.jpg,""
media/49a17540-8175-43ca-9193-5b979c94d898.jpg,""
media/16f79d17-536c-419a-8e11-633caf6f6bb0.jpg,""
media/eae10ba6-4ada-46d4-9695-b231f2f0088f.jpg,""
media/a8537953-d90c-478e-a9ea-fdc40966dc2d.jpg,""
media/6a3ef4dd-d8e8-4cba-97c1-c6f7fb6336fc.jpg,""
media/68dc478f-7683-4d51-99d4-fc29e6f2e710.jpg,""
media/77f1566b-cc69-4832-8cc8-35d8cc0f8ca3.jpg,""
media/fc69fdae-ada3-43f7-b4d2-7655ee10c912.jpg,""
media/5e2db69d-f732-458f-816c-408420ce2b20.jpg,""
media/916446f1-a815-4743-86c4-2d80826001b3.jpg,""
media/b20f5a6a-08ed-4c16-8f0a-beaa91f60897.jpg,""
media/15f95653-c10f-4ab8-9b06-c84891cbb2a4.jpg,""
media/095dd4d6-568e-4a1c-a2cc-d78cf4b6dd96.jpg,""
media/e3d20a67-b859-42a5-93b4-a731acc20a94.jpg,""
media/067c7215-4d56-4070-b9ff-ca4161aa0094.jpg,""
media/518b187a-4c82-409e-b049-d005bf423d68.jpg,""
media/18f500c5-8635-42cc-8b19-1c70b82ddce2.jpg,""
media/5d808aef-1d05-47cb-a2f4-4477c4211aea.jpg,""
