Reaction Date,Reaction Type,Parent Type,Parent ID
"Apr 3, 2020, 3:15:43 PM",Kudos,Activity,3238279517
"Apr 4, 2020, 12:51:42 PM",Kudos,Activity,3253415440
"Apr 4, 2020, 12:54:40 PM",Kudos,Activity,3252040607
"Apr 4, 2020, 12:54:45 PM",Kudos,Activity,3253366999
"Apr 5, 2020, 3:49:59 PM",Kudos,Activity,3253760558
"Apr 7, 2020, 3:35:52 PM",Kudos,Activity,3254286556
"Apr 7, 2020, 3:36:19 PM",Kudos,Activity,3248825491
"Apr 11, 2020, 7:12:48 AM",Kudos,Activity,3282427837
"Apr 11, 2020, 11:41:38 AM",Kudos,Activity,3283133607
"Apr 11, 2020, 11:41:39 AM",Kudos,Activity,3283053731
"Apr 11, 2020, 11:42:01 AM",Kudos,Activity,3283044199
"Apr 12, 2020, 4:13:10 PM",Kudos,Activity,3288397530
"Apr 14, 2020, 8:16:29 PM",Kudos,Activity,3298634686
"Apr 15, 2020, 3:25:18 PM",Kudos,Activity,3301941551
"Apr 15, 2020, 3:25:55 PM",Kudos,Activity,3301785134
"Apr 23, 2020, 11:07:59 AM",Kudos,Activity,3331910975
"May 1, 2020, 5:49:13 AM",Kudos,Activity,3376321213
"May 1, 2020, 4:04:42 PM",Kudos,Activity,3369284433
"May 2, 2020, 12:49:43 PM",Kudos,Activity,3384409891
"May 2, 2020, 12:49:54 PM",Kudos,Activity,3384370670
"May 2, 2020, 1:09:22 PM",Kudos,Activity,3384327582
"May 2, 2020, 3:43:18 PM",Kudos,Activity,3383926291
"May 4, 2020, 5:34:09 PM",Kudos,Activity,3397271938
"May 5, 2020, 3:57:27 PM",Kudos,Activity,3400311278
"May 8, 2020, 5:51:47 PM",Kudos,Activity,3412517449
"May 9, 2020, 10:31:11 AM",Kudos,Activity,3422992474
"May 16, 2020, 11:52:22 AM",Kudos,Activity,3459067424
"May 16, 2020, 11:52:22 AM",Kudos,Activity,3459114948
"May 16, 2020, 11:53:10 AM",Kudos,Activity,3458880989
"May 23, 2020, 12:34:19 PM",Kudos,Activity,3497486931
"May 23, 2020, 12:35:19 PM",Kudos,Activity,3492169938
"May 23, 2020, 12:37:08 PM",Kudos,Activity,3482036068
"May 23, 2020, 3:19:01 PM",Kudos,Activity,3498199270
"May 25, 2020, 7:37:10 PM",Kudos,Activity,3509678361
"May 26, 2020, 12:24:43 PM",Kudos,Activity,3487414144
"May 26, 2020, 12:37:08 PM",Kudos,Activity,3513865139
"May 26, 2020, 12:37:58 PM",Kudos,Activity,3513956645
"Jun 4, 2020, 8:21:28 AM",Kudos,Activity,3561678484
"Jun 4, 2020, 8:22:10 AM",Kudos,Activity,3560414468
"Jun 4, 2020, 8:22:33 AM",Kudos,Activity,3557211928
"Jun 4, 2020, 8:23:49 AM",Kudos,Activity,3549038586
"Jun 5, 2020, 9:24:03 PM",Kudos,Activity,3566161114
"Jun 8, 2020, 3:57:01 PM",Kudos,Activity,3582502641
"Jun 9, 2020, 5:47:34 AM",Kudos,Activity,3583685658
"Jun 11, 2020, 12:00:20 PM",Kudos,Activity,3594057607
"Jun 11, 2020, 3:49:40 PM",Kudos,Activity,3597587477
"Jun 12, 2020, 6:45:26 AM",Kudos,Activity,3599900649
"Jun 12, 2020, 1:29:48 PM",Kudos,Activity,3601545916
"Jun 14, 2020, 3:46:15 PM",Kudos,Activity,3614186144
"Jun 16, 2020, 2:35:16 PM",Kudos,Activity,3623034057
"Jun 20, 2020, 5:54:11 PM",Kudos,Activity,3643364640
"Jun 20, 2020, 5:54:45 PM",Kudos,Activity,3642828991
"Jun 20, 2020, 5:55:00 PM",Kudos,Activity,3642762683
"Jun 24, 2020, 8:14:49 AM",Kudos,Activity,3662628790
"Jun 24, 2020, 8:14:59 AM",Kudos,Activity,3662527003
"Jun 26, 2020, 10:39:10 AM",Kudos,Activity,3673105124
"Jun 26, 2020, 10:39:14 AM",Kudos,Activity,3672926916
"Jun 26, 2020, 11:05:08 AM",Kudos,Activity,3667851978
"Jun 26, 2020, 11:05:53 AM",Kudos,Activity,3665354181
"Jun 29, 2020, 10:45:42 AM",Kudos,Activity,3687014416
"Jun 29, 2020, 10:45:58 AM",Kudos,Activity,3686957126
"Jun 29, 2020, 10:47:26 AM",Kudos,Activity,3682201982
"Jul 1, 2020, 11:28:55 AM",Kudos,Activity,3694949200
"Jul 5, 2020, 3:37:13 PM",Kudos,Activity,3715953178
"Jul 5, 2020, 3:37:16 PM",Kudos,Activity,3715731933
"Jul 13, 2020, 7:27:28 AM",Kudos,Activity,3753755263
"Jul 13, 2020, 7:31:45 AM",Kudos,Activity,3740007390
"Jul 16, 2020, 4:14:50 PM",Kudos,Activity,3764473730
"Jul 16, 2020, 4:15:13 PM",Kudos,Activity,3762088773
"Jul 16, 2020, 4:16:09 PM",Kudos,Activity,3761073723
"Jul 16, 2020, 4:16:42 PM",Kudos,Activity,3758140092
"Jul 16, 2020, 4:16:44 PM",Kudos,Activity,3757818871
"Jul 16, 2020, 4:16:55 PM",Kudos,Activity,3769787228
"Jul 16, 2020, 4:17:04 PM",Kudos,Activity,3769452216
"Jul 16, 2020, 4:17:43 PM",Kudos,Activity,3766637428
"Aug 3, 2020, 8:53:51 PM",Kudos,Activity,3859495830
"Aug 3, 2020, 8:53:59 PM",Kudos,Activity,3859426926
"Aug 3, 2020, 8:54:10 PM",Kudos,Activity,3859446297
"Aug 3, 2020, 8:54:35 PM",Kudos,Activity,3853706716
"Aug 10, 2020, 1:52:30 PM",Kudos,Activity,3891236817
"Aug 10, 2020, 1:52:34 PM",Kudos,Activity,3891053958
"Aug 10, 2020, 1:52:38 PM",Kudos,Activity,3891018741
"Aug 10, 2020, 1:52:45 PM",Kudos,Activity,3890966937
"Aug 10, 2020, 1:53:37 PM",Kudos,Activity,3891395853
"Aug 10, 2020, 1:54:50 PM",Kudos,Activity,3887222325
"Sep 9, 2020, 11:39:41 AM",Kudos,Activity,4031588860
"Sep 13, 2020, 7:28:10 AM",Kudos,Activity,4045163189
"Sep 13, 2020, 5:56:43 PM",Kudos,Activity,4048877511
"Sep 14, 2020, 11:22:06 AM",Kudos,Activity,4057282330
"Sep 14, 2020, 1:05:47 PM",Kudos,Activity,4057975272
"Sep 14, 2020, 1:05:55 PM",Kudos,Activity,4058012948
"Sep 29, 2020, 5:28:15 PM",Kudos,Activity,4128568539
"Sep 29, 2020, 5:28:19 PM",Kudos,Activity,4128233510
"Sep 29, 2020, 5:28:25 PM",Kudos,Activity,4127892412
"Sep 29, 2020, 5:28:42 PM",Kudos,Activity,4124803632
"Oct 12, 2020, 5:50:46 AM",Kudos,Activity,4181468402
"Oct 12, 2020, 5:52:16 AM",Kudos,Activity,4176107247
"Oct 17, 2020, 5:54:30 PM",Kudos,Activity,4198075988
"Oct 17, 2020, 5:55:08 PM",Kudos,Activity,4194976595
"Oct 24, 2020, 11:08:00 AM",Kudos,Activity,4232725058
"Oct 24, 2020, 4:49:52 PM",Kudos,Activity,4237485967
"Oct 24, 2020, 4:49:59 PM",Kudos,Activity,4237264026
"Oct 26, 2020, 9:31:49 AM",Kudos,Activity,4244876888
"Nov 8, 2020, 7:58:39 PM",Kudos,Activity,4308771330
"Nov 8, 2020, 7:58:48 PM",Kudos,Activity,4308071855
"Nov 8, 2020, 7:59:02 PM",Kudos,Activity,4306785544
"Nov 8, 2020, 7:59:14 PM",Kudos,Activity,4302614639
"Mar 7, 2021, 5:32:54 PM",Kudos,Activity,4906400830
"Mar 7, 2021, 6:21:40 PM",Kudos,Activity,4891001241
"Mar 10, 2021, 9:45:50 PM",Kudos,Activity,4925616457
"Mar 15, 2021, 6:47:20 PM",Kudos,Activity,4951954502
"Mar 17, 2021, 5:14:24 PM",Kudos,Activity,4962872673
"Mar 17, 2021, 5:14:35 PM",Kudos,Activity,4960428426
"Mar 22, 2021, 6:01:26 PM",Kudos,Activity,4990081967
"Mar 22, 2021, 6:02:03 PM",Kudos,Activity,4983371945
"Mar 22, 2021, 6:02:53 PM",Kudos,Activity,4977491197
"Mar 22, 2021, 7:56:24 PM",Kudos,Activity,4992083625
"Mar 22, 2021, 8:16:02 PM",Kudos,Activity,4992438350
"Mar 22, 2021, 8:16:16 PM",Kudos,Activity,4991796230
"Mar 23, 2021, 3:21:40 PM",Kudos,Activity,4996110967
"Mar 23, 2021, 3:21:46 PM",Kudos,Activity,4994471058
"Mar 27, 2021, 12:12:31 PM",Kudos,Activity,5018090058
"Mar 27, 2021, 7:41:33 PM",Kudos,Activity,5019854586
"Apr 2, 2021, 8:29:22 AM",Kudos,Activity,5050482251
"Apr 2, 2021, 8:29:39 AM",Kudos,Activity,5044096200
"Apr 4, 2021, 12:26:36 PM",Kudos,Activity,5066950208
"Apr 4, 2021, 12:26:49 PM",Kudos,Activity,5066453310
"Apr 6, 2021, 4:34:45 PM",Kudos,Activity,5073298426
"Apr 6, 2021, 4:35:01 PM",Kudos,Activity,5071990413
"Apr 6, 2021, 4:35:17 PM",Kudos,Activity,5073724001
"Apr 9, 2021, 5:04:46 PM",Kudos,Activity,5097043102
"Apr 14, 2021, 3:20:32 PM",Kudos,Activity,5120532279
"Apr 14, 2021, 3:20:44 PM",Kudos,Activity,5118770478
"Apr 15, 2021, 6:52:18 AM",Kudos,Activity,5129478840
"Apr 17, 2021, 5:34:09 PM",Kudos,Activity,5143001173
"Apr 17, 2021, 5:34:21 PM",Kudos,Activity,5142738089
"Apr 17, 2021, 8:56:56 PM",Kudos,Activity,5144141443
"Apr 18, 2021, 2:55:38 PM",Kudos,Activity,5148544946
"Apr 18, 2021, 2:55:51 PM",Kudos,Activity,5147872156
"Apr 18, 2021, 6:09:53 PM",Kudos,Activity,5150122802
"Apr 21, 2021, 6:34:41 AM",Kudos,Activity,5161754570
"Apr 29, 2021, 10:10:34 AM",Kudos,Activity,5202872888
"May 8, 2021, 3:29:38 PM",Kudos,Activity,5259617597
"May 18, 2021, 4:40:29 PM",Kudos,Activity,5306733299
"May 18, 2021, 4:40:32 PM",Kudos,Activity,5306571908
"Jul 23, 2021, 10:12:19 AM",Kudos,Activity,5672869367
"Jul 24, 2021, 5:34:24 PM",Kudos,Activity,5678814278
"Jul 26, 2021, 5:41:10 PM",Kudos,Activity,5690311577
"Jul 30, 2021, 10:23:39 AM",Kudos,Activity,5708036139
"Aug 1, 2021, 11:13:52 AM",Kudos,Activity,5720581846
"Aug 1, 2021, 11:14:44 AM",Kudos,Activity,5716768465
"Aug 1, 2021, 11:14:51 AM",Kudos,Activity,5717013666
"Aug 1, 2021, 11:15:02 AM",Kudos,Activity,5715616588
"Aug 1, 2021, 11:16:07 AM",Kudos,Activity,5710469130
"Aug 10, 2021, 6:57:30 PM",Kudos,Activity,5770329110
"Aug 10, 2021, 6:57:52 PM",Kudos,Activity,5770209693
"Aug 30, 2021, 4:30:08 PM",Kudos,Activity,5877408817
"Aug 30, 2021, 4:30:15 PM",Kudos,Activity,5876609534
"Aug 30, 2021, 4:30:42 PM",Kudos,Activity,5876466281
"Aug 30, 2021, 4:31:36 PM",Kudos,Activity,5871363174
"Sep 3, 2021, 10:10:42 AM",Kudos,Activity,5897428379
"Sep 4, 2021, 4:11:15 PM",Kudos,Activity,5904936433
"Sep 4, 2021, 4:11:26 PM",Kudos,Activity,5904132787
"Sep 4, 2021, 4:11:56 PM",Kudos,Activity,5903510164
"Sep 4, 2021, 4:13:31 PM",Kudos,Activity,5898501529
"Sep 14, 2021, 4:25:34 PM",Kudos,Activity,5958378105
"Sep 14, 2021, 4:26:43 PM",Kudos,Activity,5957230316
"Sep 20, 2021, 4:10:39 PM",Kudos,Activity,5990977247
"Sep 20, 2021, 4:11:19 PM",Kudos,Activity,5985125067
"Sep 20, 2021, 4:11:51 PM",Kudos,Activity,5984684600
"Sep 20, 2021, 4:12:10 PM",Kudos,Activity,5979311862
"Sep 21, 2021, 4:56:51 PM",Kudos,Activity,5995397858
"Sep 22, 2021, 10:17:35 AM",Kudos,Activity,5999779653
"Sep 24, 2021, 4:52:32 PM",Kudos,Activity,6010235860
"Sep 27, 2021, 6:28:20 AM",Kudos,Activity,6024084867
"Sep 27, 2021, 6:29:19 AM",Kudos,Activity,6023430802
"Sep 28, 2021, 7:05:24 PM",Kudos,Activity,6028165540
"Sep 28, 2021, 7:07:16 PM",Kudos,Activity,6021381892
"Sep 28, 2021, 7:07:31 PM",Kudos,Activity,6020802441
"Sep 28, 2021, 7:07:48 PM",Kudos,Activity,6017846857
"Sep 28, 2021, 7:09:44 PM",Kudos,Activity,6010645624
"Sep 29, 2021, 5:21:18 AM",Kudos,Activity,6034382907
"Oct 2, 2021, 12:52:47 PM",Kudos,Activity,6050355899
"Oct 2, 2021, 12:53:31 PM",Kudos,Activity,6040106866
"Oct 2, 2021, 12:53:48 PM",Kudos,Activity,6039074130
"Oct 2, 2021, 12:53:57 PM",Kudos,Activity,6036789966
"Oct 4, 2021, 7:54:47 AM",Kudos,Activity,6058112154
"Oct 4, 2021, 4:25:04 PM",Kudos,Activity,6058081268
"Oct 8, 2021, 7:59:39 AM",Kudos,Activity,6079340700
"Oct 16, 2021, 1:51:29 PM",Kudos,Activity,6120673067
"Oct 16, 2021, 1:51:30 PM",Kudos,Activity,6120538169
"Oct 16, 2021, 2:11:41 PM",Kudos,Activity,6118518787
"Oct 17, 2021, 8:37:56 AM",Kudos,Activity,6124556712
"Nov 1, 2021, 4:16:08 PM",Kudos,Activity,6196670041
"Nov 7, 2021, 2:52:13 PM",Kudos,Activity,6225122377
"Nov 7, 2021, 2:52:36 PM",Kudos,Activity,6223364863
"Nov 7, 2021, 2:52:41 PM",Kudos,Activity,6223352668
"Nov 7, 2021, 2:52:58 PM",Kudos,Activity,6224819959
"Nov 7, 2021, 2:53:21 PM",Kudos,Activity,6218116160
"Nov 7, 2021, 2:53:27 PM",Kudos,Activity,6217912070
"Nov 7, 2021, 2:53:35 PM",Kudos,Activity,6219853058
"Nov 7, 2021, 2:54:23 PM",Kudos,Activity,6207098235
"Dec 8, 2021, 6:09:37 AM",Kudos,Activity,6355937883
"Jan 4, 2022, 4:10:33 PM",Kudos,Activity,6471385845
"Jan 4, 2022, 4:15:14 PM",Kudos,Activity,6470921849
"Jan 4, 2022, 9:09:24 PM",Kudos,Activity,6472356071
"Jan 16, 2022, 12:56:46 PM",Kudos,Activity,6527952290
"Jan 16, 2022, 12:57:24 PM",Kudos,Activity,6525696655
"Jan 16, 2022, 12:58:16 PM",Kudos,Activity,6521816233
"Feb 25, 2022, 9:41:25 AM",Kudos,Activity,6734745370
"Feb 25, 2022, 9:41:37 AM",Kudos,Activity,6732454574
"Feb 26, 2022, 2:22:23 PM",Kudos,Activity,6739976123
"Apr 30, 2022, 2:26:29 PM",Kudos,Activity,7064804986
"Apr 30, 2022, 2:27:16 PM",Kudos,Activity,7063582551
"Apr 30, 2022, 2:27:16 PM",Kudos,Activity,7063820662
"Apr 30, 2022, 2:27:16 PM",Kudos,Activity,7063811922
"Apr 30, 2022, 2:27:20 PM",Kudos,Activity,7063037085
"Apr 30, 2022, 2:27:37 PM",Kudos,Activity,7060730656
"Jun 17, 2022, 6:06:17 PM",Kudos,Activity,7314689410
"Jul 2, 2022, 9:38:07 PM",Kudos,Activity,7404987579
"Jul 2, 2022, 9:38:44 PM",Kudos,Activity,7402071120
"Jul 2, 2022, 9:39:55 PM",Kudos,Activity,7391441231
"Jul 12, 2022, 5:56:06 PM",Kudos,Activity,7456819695
"Jul 13, 2022, 6:29:42 AM",Kudos,Activity,7460428207
"Jul 15, 2022, 9:15:20 AM",Kudos,Activity,7466650366
"Aug 9, 2022, 6:00:52 PM",Kudos,Activity,7610086880
"Aug 9, 2022, 6:01:03 PM",Kudos,Activity,7610078849
"Sep 4, 2022, 1:40:19 PM",Kudos,Activity,7753290885
"Sep 11, 2022, 1:09:13 PM",Kudos,Activity,7787867057
"Sep 11, 2022, 1:09:18 PM",Kudos,Activity,7788511759
"Sep 11, 2022, 1:09:29 PM",Kudos,Activity,7786036887
"Sep 14, 2022, 3:56:52 PM",Kudos,Activity,7797519444
"Sep 14, 2022, 3:57:06 PM",Kudos,Activity,7805325179
"Sep 25, 2022, 4:11:17 PM",Kudos,Activity,7865345141
"Sep 25, 2022, 4:11:35 PM",Kudos,Activity,7865172612
"Oct 2, 2022, 11:26:29 AM",Kudos,Activity,7898136723
"Oct 16, 2022, 7:13:03 PM",Kudos,Activity,7973215138
"Oct 16, 2022, 7:14:00 PM",Kudos,Activity,7970949453
"Oct 16, 2022, 7:15:40 PM",Kudos,Activity,7956769201
"Nov 12, 2022, 4:11:33 PM",Kudos,Activity,8106153581
"Jan 10, 2023, 5:07:35 PM",Kudos,Activity,8367568754
"Jan 10, 2023, 5:08:58 PM",Kudos,Activity,8366050029
"Jan 10, 2023, 5:09:54 PM",Kudos,Activity,8361164204
"Jan 14, 2023, 12:09:04 PM",Kudos,Activity,8388890195
"Jan 15, 2023, 7:06:50 PM",Kudos,Activity,8397575512
"Jan 15, 2023, 7:06:55 PM",Kudos,Activity,8395764669
"Jan 16, 2023, 9:33:23 AM",Kudos,Activity,8399531266
"Jan 16, 2023, 7:33:05 PM",Kudos,Activity,8402092810
"Jan 22, 2023, 12:24:38 PM",Kudos,Activity,8427564564
"Jan 22, 2023, 2:31:34 PM",Kudos,Activity,8433014362
"Jan 22, 2023, 2:31:35 PM",Kudos,Activity,8433411137
"Jan 26, 2023, 5:42:00 PM",Kudos,Activity,8455946381
"Jan 27, 2023, 3:54:24 PM",Kudos,Activity,8459877409
"Jan 27, 2023, 9:48:45 PM",Kudos,Activity,8461877868
"Jan 28, 2023, 2:44:41 PM",Kudos,Activity,8465537137
"Feb 8, 2023, 5:51:02 PM",Kudos,Activity,8527562620
"Feb 12, 2023, 6:04:40 PM",Kudos,Activity,8550451276
"Feb 12, 2023, 6:05:34 PM",Kudos,Activity,8547258191
"Feb 19, 2023, 6:20:28 PM",Kudos,Activity,8587902854
"Apr 4, 2023, 7:36:56 PM",Kudos,Activity,8818921887
"Apr 4, 2023, 7:38:20 PM",Kudos,Activity,8819068803
"Apr 4, 2023, 7:39:58 PM",Kudos,Activity,8799502239
"Apr 8, 2023, 5:42:11 PM",Kudos,Activity,8854513246
"Apr 10, 2023, 4:12:00 PM",Kudos,Activity,8866709149
"Apr 12, 2023, 6:02:16 PM",Kudos,Activity,8879280231
"Apr 15, 2023, 3:18:51 PM",Kudos,Activity,8893921806
"Apr 15, 2023, 3:19:00 PM",Kudos,Activity,8893242224
"Apr 17, 2023, 4:46:54 PM",Kudos,Activity,8901360763
"May 21, 2023, 7:58:40 PM",Kudos,Activity,9112028894
"May 27, 2023, 5:28:18 PM",Kudos,Activity,9150949820
"May 27, 2023, 5:28:58 PM",Kudos,Activity,9150721529
"May 27, 2023, 5:31:00 PM",Kudos,Activity,9147594456
"Jun 7, 2023, 1:57:44 PM",Kudos,Activity,9203743818
"Jun 15, 2023, 7:37:16 PM",Kudos,Activity,9272441555
"Jun 15, 2023, 7:37:17 PM",Kudos,Activity,9272490892
"Jul 21, 2023, 5:15:08 AM",Kudos,Activity,9489664283
"Jul 27, 2023, 2:53:27 PM",Kudos,Activity,9530625052
"Aug 12, 2023, 7:56:53 PM",Kudos,Activity,9633475271
"Aug 13, 2023, 3:58:58 PM",Kudos,Activity,9640356816
"Aug 13, 2023, 3:59:30 PM",Kudos,Activity,9640341140
"Aug 13, 2023, 3:59:30 PM",Kudos,Activity,9640377997
"Sep 2, 2023, 1:45:31 PM",Kudos,Activity,9768077042
"Sep 5, 2023, 7:28:15 PM",Kudos,Activity,9788939755
"Sep 5, 2023, 7:28:52 PM",Kudos,Activity,9783532652
"Sep 8, 2023, 3:54:34 PM",Kudos,Activity,9808975161
"Sep 17, 2023, 7:36:45 AM",Kudos,Activity,9860547438
"Nov 11, 2023, 9:36:22 AM",Kudos,Activity,10197519179
"Jan 10, 2024, 9:07:18 PM",Kudos,Activity,10530435318
"Jan 19, 2024, 1:43:05 PM",Kudos,Activity,10587768309
"Jan 21, 2024, 6:51:17 PM",Kudos,Activity,10600618125
"Jan 23, 2024, 7:24:56 PM",Kudos,Activity,10614447248
"Jan 23, 2024, 7:41:25 PM",Kudos,Activity,10615703338
"Jan 23, 2024, 7:41:26 PM",Kudos,Activity,10615663183
"Jan 23, 2024, 7:41:28 PM",Kudos,Activity,10615709927
"Jan 23, 2024, 7:41:32 PM",Kudos,Activity,10614057411
"Jan 23, 2024, 7:41:34 PM",Kudos,Activity,10607583318
"Jan 23, 2024, 7:41:45 PM",Kudos,Activity,10607619002
"Jan 23, 2024, 7:41:52 PM",Kudos,Activity,10606347593
"Jan 23, 2024, 7:41:55 PM",Kudos,Activity,10602141891
"Jan 27, 2024, 5:28:05 PM",Kudos,Activity,10640564361
"Jan 28, 2024, 7:46:41 PM",Kudos,Activity,10639173373
"Feb 4, 2024, 2:53:16 PM",Kudos,Activity,10694822354
"Feb 4, 2024, 2:53:19 PM",Kudos,Activity,10694330182
"Feb 17, 2024, 4:59:03 PM",Kudos,Activity,10778317493
"Feb 17, 2024, 5:00:55 PM",Kudos,Activity,10773578412
"Feb 27, 2024, 8:57:50 PM",Kudos,Activity,10849986083
"Mar 10, 2024, 3:29:30 PM",Kudos,Activity,10930921492
"Mar 10, 2024, 3:29:51 PM",Kudos,Activity,10930906612
"Mar 10, 2024, 3:30:46 PM",Kudos,Activity,10930777472
"Mar 10, 2024, 3:30:51 PM",Kudos,Activity,10929873334
"Mar 10, 2024, 3:31:09 PM",Kudos,Activity,10929812826
"Mar 10, 2024, 3:32:01 PM",Kudos,Activity,10925395709
"Apr 4, 2024, 4:16:46 PM",Kudos,Activity,11076083043
"Apr 21, 2024, 4:24:05 PM",Kudos,Activity,11232967355
"May 4, 2024, 12:00:20 PM",Kudos,Activity,11329015010
"May 4, 2024, 12:00:59 PM",Kudos,Activity,11328144214
"May 4, 2024, 12:01:11 PM",Kudos,Activity,11323953870
"May 4, 2024, 12:01:17 PM",Kudos,Activity,11324604407
"May 11, 2024, 3:38:25 PM",Kudos,Activity,11385425348
"May 11, 2024, 4:18:27 PM",Kudos,Activity,11384740731
"May 17, 2024, 12:02:14 PM",Kudos,Activity,11430350041
"May 18, 2024, 11:18:13 AM",Kudos,Activity,11436686663
"May 18, 2024, 11:18:53 AM",Kudos,Activity,11432306042
"May 20, 2024, 7:27:55 AM",Kudos,Activity,11452677655
"Jun 1, 2024, 11:00:43 AM",Kudos,Activity,11545319453
"Jun 3, 2024, 5:10:39 AM",Kudos,Activity,11555813365
"Jun 3, 2024, 5:10:46 AM",Kudos,Activity,11559469459
"Jun 3, 2024, 6:05:20 AM",Kudos,Activity,11556830969
"Jun 12, 2024, 3:37:01 PM",Kudos,Activity,11635892550
"Jun 12, 2024, 3:37:14 PM",Kudos,Activity,11634274663
"Jun 29, 2024, 3:58:32 PM",Kudos,Activity,11766970766
"Jun 30, 2024, 9:20:29 AM",Kudos,Activity,11772299917
"Jun 30, 2024, 9:20:56 AM",Kudos,Activity,11768959813
"Jun 30, 2024, 11:45:45 AM",Kudos,Activity,11774005100
"Jul 21, 2024, 7:58:02 AM",Kudos,Activity,11937508923
"Jul 21, 2024, 7:58:18 AM",Kudos,Activity,11938323035
"Jul 21, 2024, 7:58:30 AM",Kudos,Activity,11937185377
"Jul 30, 2024, 6:56:39 PM",Kudos,Activity,12020897637
"Jul 30, 2024, 6:56:46 PM",Kudos,Activity,12020553007
"Aug 18, 2024, 6:21:06 PM",Kudos,Activity,12177930222
"Sep 15, 2024, 2:18:29 PM",Kudos,Activity,12404849894
"Sep 15, 2024, 3:30:26 PM",Kudos,Activity,12417276986
"Sep 22, 2024, 11:02:52 AM",Kudos,Activity,12474005132
"Sep 22, 2024, 11:03:49 AM",Kudos,Activity,12472408392
"Sep 29, 2024, 3:17:23 PM",Kudos,Activity,12531219045
"Oct 6, 2024, 11:29:59 AM",Kudos,Activity,12588091685
"Oct 6, 2024, 5:58:47 PM",Kudos,Activity,12592001209
"Oct 12, 2024, 5:37:15 PM",Kudos,Activity,12638517678
"Oct 12, 2024, 5:39:22 PM",Kudos,Activity,12633681331
"Oct 22, 2024, 4:01:50 PM",Kudos,Activity,12717752827
"Oct 22, 2024, 4:02:17 PM",Kudos,Activity,12713621664
"Oct 22, 2024, 4:02:52 PM",Kudos,Activity,12711015408
"Oct 22, 2024, 4:03:10 PM",Kudos,Activity,12709854416
"Oct 22, 2024, 6:55:46 PM",Kudos,Activity,12718994682
"Oct 22, 2024, 6:55:53 PM",Kudos,Activity,12718603783
"Nov 3, 2024, 7:16:32 PM",Kudos,Activity,12813484181
"Nov 10, 2024, 4:55:57 PM",Kudos,Activity,12868067524
"Nov 12, 2024, 4:26:54 PM",Kudos,Activity,12882451078
"Nov 14, 2024, 5:12:12 PM",Kudos,Activity,12894374527
"Nov 14, 2024, 7:09:50 PM",Kudos,Activity,12900378344
"Nov 16, 2024, 2:47:24 PM",Kudos,Activity,12913392900
"Nov 19, 2024, 6:11:35 PM",Kudos,Activity,12935733665
"Nov 30, 2024, 6:10:38 PM",Kudos,Activity,13017223666
"Dec 8, 2024, 3:22:59 PM",Kudos,Activity,13064974597
"Dec 15, 2024, 12:42:08 PM",Kudos,Activity,13120662860
"Dec 16, 2024, 1:29:38 PM",Kudos,Activity,13120518751
"Dec 16, 2024, 1:29:47 PM",Kudos,Activity,13119663569
"Dec 18, 2024, 7:41:41 AM",Kudos,Activity,13137718408
"Dec 22, 2024, 11:43:44 AM",Kudos,Activity,13167287011
"Dec 22, 2024, 11:44:17 AM",Kudos,Activity,13165692104
"Dec 23, 2024, 12:38:50 PM",Kudos,Activity,13172644730
"Dec 28, 2024, 2:22:02 AM",Kudos,Activity,13200368458
"Jan 25, 2025, 6:34:48 PM",Kudos,Activity,13450453001
"Jan 29, 2025, 8:18:19 PM",Kudos,Activity,13486564740
"Feb 15, 2025, 11:29:00 AM",Kudos,Activity,13630988045
"Feb 19, 2025, 8:04:51 PM",Kudos,Activity,13672129893
"Feb 19, 2025, 8:11:19 PM",Kudos,Activity,13662374384
"Mar 4, 2025, 7:15:21 PM",Kudos,Activity,13785924466
"Mar 9, 2025, 7:51:56 PM",Kudos,Activity,13835134188
"Mar 9, 2025, 7:52:12 PM",Kudos,Activity,13834983138
"Mar 9, 2025, 7:52:30 PM",Kudos,Activity,13832401421
"Mar 9, 2025, 7:54:51 PM",Kudos,Activity,13831599989
"Apr 4, 2025, 7:00:31 PM",Kudos,Activity,14079650037
"Apr 4, 2025, 7:00:47 PM",Kudos,Activity,14079605545
"Apr 4, 2025, 7:01:52 PM",Kudos,Activity,14069235622
"Apr 4, 2025, 7:02:25 PM",Kudos,Activity,14065249787
"Apr 11, 2025, 4:25:32 AM",Kudos,Activity,14139879152
"Apr 11, 2025, 4:26:25 AM",Kudos,Activity,14138249608
"Apr 27, 2025, 6:17:40 PM",Kudos,Activity,14303157531
"Apr 27, 2025, 6:54:21 PM",Kudos,Activity,14305667923
"Apr 28, 2025, 7:49:17 AM",Kudos,Activity,14295268128
"May 11, 2025, 3:05:37 PM",Kudos,Activity,14446898376
"May 11, 2025, 3:05:49 PM",Kudos,Activity,14446458024
"May 11, 2025, 3:05:55 PM",Kudos,Activity,14446314678
"May 11, 2025, 3:06:18 PM",Kudos,Activity,14444302227
"May 11, 2025, 3:06:24 PM",Kudos,Activity,14443965439
"May 11, 2025, 3:06:34 PM",Kudos,Activity,14443466612
"May 14, 2025, 7:00:22 PM",Kudos,Activity,14479304039
"May 14, 2025, 7:01:15 PM",Kudos,Activity,14475230307
"May 16, 2025, 12:39:06 PM",Kudos,Activity,14496722362
"May 16, 2025, 12:39:19 PM",Kudos,Activity,14496201676
"May 16, 2025, 12:40:03 PM",Kudos,Activity,14490168689
"May 16, 2025, 12:40:21 PM",Kudos,Activity,14486147309
"May 27, 2025, 8:36:29 AM",Kudos,Activity,14606895299
"May 27, 2025, 8:38:58 AM",Kudos,Activity,14591400974
"May 29, 2025, 9:18:47 AM",Kudos,Activity,14628473035
"May 31, 2025, 6:01:11 PM",Kudos,Activity,14650124279
"May 31, 2025, 6:01:39 PM",Kudos,Activity,14653950419
"Jun 1, 2025, 7:39:09 PM",Kudos,Activity,14662111414
"Jun 1, 2025, 7:40:47 PM",Kudos,Activity,14662814085
"Jun 8, 2025, 12:51:51 PM",Kudos,Activity,14733225877
"Jun 8, 2025, 12:52:25 PM",Kudos,Activity,14732909183
"Jun 9, 2025, 8:48:12 AM",Kudos,Activity,14741149601
"Jun 9, 2025, 8:48:33 AM",Kudos,Activity,14740639353
"Jun 12, 2025, 5:57:30 AM",Kudos,Activity,14773184750
"Jun 13, 2025, 9:39:57 PM",Kudos,Activity,14788878051
"Jun 18, 2025, 10:11:32 AM",Kudos,Activity,14835475087
"Jun 18, 2025, 10:11:46 AM",Kudos,Activity,14830975388
"Jun 18, 2025, 10:11:51 AM",Kudos,Activity,14830209303
"Jun 25, 2025, 6:06:03 PM",Kudos,Activity,14914176938
"Jun 25, 2025, 6:06:04 PM",Kudos,Activity,14914056132
"Jun 25, 2025, 6:48:13 PM",Kudos,Activity,14913294645
"Jun 28, 2025, 4:42:52 PM",Kudos,Activity,14942451835
"Jun 28, 2025, 4:43:02 PM",Kudos,Activity,14940665310
"Jun 29, 2025, 2:42:35 PM",Kudos,Activity,14952962924
"Jun 29, 2025, 2:42:37 PM",Kudos,Activity,14953088201
"Jun 29, 2025, 2:42:59 PM",Kudos,Activity,14951321851
"Jun 29, 2025, 6:55:29 PM",Kudos,Activity,14950939396
"Jul 2, 2025, 8:18:32 AM",Kudos,Activity,14980649295
"Jul 6, 2025, 5:09:00 PM",Kudos,Activity,15024420325
"Jul 13, 2025, 11:09:53 AM",Kudos,Activity,15098868532
"Aug 3, 2025, 3:31:13 PM",Kudos,Activity,15329794773
"Aug 3, 2025, 3:31:23 PM",Kudos,Activity,15328966762
"Aug 3, 2025, 3:32:37 PM",Kudos,Activity,15328168187
"Aug 3, 2025, 3:32:48 PM",Kudos,Activity,15326411297
"Aug 3, 2025, 3:33:17 PM",Kudos,Activity,15320130207
"Aug 3, 2025, 3:34:01 PM",Kudos,Activity,15318047855
"Aug 3, 2025, 3:34:55 PM",Kudos,Activity,15310109998
"Aug 3, 2025, 3:36:42 PM",Kudos,Activity,15278498256
"Aug 3, 2025, 3:36:45 PM",Kudos,Activity,15278751195
"Aug 6, 2025, 12:37:08 PM",Kudos,Activity,15363739668
"Aug 6, 2025, 12:38:29 PM",Kudos,Activity,15354782395
"Aug 6, 2025, 12:40:30 PM",Kudos,Activity,15343755823
"Aug 7, 2025, 6:01:43 PM",Kudos,Activity,15379209530
"Aug 10, 2025, 2:41:01 PM",Kudos,Activity,15409844977
"Aug 10, 2025, 7:09:29 PM",Kudos,Activity,15414147758
"Aug 20, 2025, 2:54:24 PM",Kudos,Activity,15524729494
"Sep 3, 2025, 10:09:42 AM",Kudos,Activity,15652481265
"Sep 3, 2025, 10:11:16 AM",Kudos,Activity,15639508094
"Sep 3, 2025, 10:11:17 AM",Kudos,Activity,15639844720
"Sep 3, 2025, 10:11:52 AM",Kudos,Activity,15628313347
"Sep 16, 2025, 5:12:21 AM",Kudos,Activity,15821614419
"Sep 16, 2025, 5:12:40 AM",Kudos,Activity,15817975214
"Sep 29, 2025, 1:22:29 PM",Kudos,Activity,15966250933
"Sep 29, 2025, 6:19:11 PM",Kudos,Activity,15976026461
"Oct 4, 2025, 3:14:06 PM",Kudos,Activity,16030576135
"Oct 4, 2025, 3:15:24 PM",Kudos,Activity,16030445856
"Oct 15, 2025, 10:00:01 AM",Kudos,Activity,16130921780
"Oct 18, 2025, 2:16:16 PM",Kudos,Activity,16178042570
"Oct 18, 2025, 2:16:33 PM",Kudos,Activity,16179559606
"Nov 22, 2025, 8:11:16 AM",Kudos,Activity,16529923121
"Nov 22, 2025, 8:12:16 AM",Kudos,Activity,16522343413
"Nov 22, 2025, 8:13:04 AM",Kudos,Activity,16511787557
"Nov 27, 2025, 5:18:43 PM",Kudos,Activity,16583302941
"Nov 27, 2025, 5:54:52 PM",Kudos,Activity,16584383036
"Dec 6, 2025, 2:12:47 PM",Kudos,Activity,16666127298
"Dec 6, 2025, 7:23:02 PM",Kudos,Activity,16668470304
"Dec 6, 2025, 7:24:23 PM",Kudos,Activity,16667544734
"Dec 6, 2025, 7:24:31 PM",Kudos,Activity,16666366815
"Dec 26, 2025, 9:57:33 PM",Kudos,Activity,16839656583
"Dec 26, 2025, 9:57:40 PM",Kudos,Activity,16840314169
"Dec 26, 2025, 9:57:47 PM",Kudos,Activity,16837973379
"Jan 3, 2026, 5:47:23 PM",Kudos,Activity,16924062713
"Jan 3, 2026, 5:48:41 PM",Kudos,Activity,16920237971
"Jan 3, 2026, 5:48:58 PM",Kudos,Activity,16918067474
"Jan 10, 2026, 12:45:58 PM",Kudos,Activity,16999516765
"Jan 11, 2026, 10:54:43 AM",Kudos,Activity,17005073906
"Jan 13, 2026, 6:45:08 PM",Kudos,Activity,17037129230
"Jan 27, 2026, 9:38:11 AM",Kudos,Activity,17190382478
"Feb 1, 2026, 12:21:32 PM",Kudos,Activity,17240531085
"Feb 1, 2026, 12:22:56 PM",Kudos,Activity,17224364285
"Mar 20, 2026, 9:06:01 AM",Kudos,Activity,17787458853
"Mar 20, 2026, 9:06:15 AM",Kudos,Activity,17785012156
"Mar 20, 2026, 9:06:28 AM",Kudos,Activity,17782697274
"Mar 20, 2026, 9:06:54 AM",Kudos,Activity,17780542140
"Mar 20, 2026, 9:08:38 AM",Kudos,Activity,17731679388
"Mar 20, 2026, 9:08:41 AM",Kudos,Activity,17735811739
"Mar 20, 2026, 9:08:49 AM",Kudos,Activity,17730510102
"Mar 20, 2026, 9:08:57 AM",Kudos,Activity,17730559250
"Mar 21, 2026, 9:43:10 AM",Kudos,Activity,17792767164
"Mar 23, 2026, 9:32:57 AM",Kudos,Activity,17818121370
"Mar 30, 2026, 11:05:11 AM",Kudos,Activity,17903561807
"Apr 4, 2026, 8:43:52 AM",Kudos,Activity,17963677768
"Apr 4, 2026, 8:43:56 AM",Kudos,Activity,17963412356
"Apr 6, 2026, 6:24:18 PM",Kudos,Activity,18001761052
"Apr 10, 2026, 8:34:04 PM",Kudos,Activity,18042399470
"Apr 11, 2026, 7:21:59 PM",Kudos,Activity,18069004903
"Apr 12, 2026, 10:28:24 AM",Kudos,Activity,18073103843
"Apr 13, 2026, 7:47:45 AM",Kudos,Activity,18081551289
"Apr 13, 2026, 7:48:52 AM",Kudos,Activity,18078490653
"Apr 13, 2026, 7:48:56 AM",Kudos,Activity,18078445807
"Apr 18, 2026, 2:40:06 PM",Kudos,Activity,18159078687
"Apr 18, 2026, 5:18:10 PM",Kudos,Activity,18159857643
"Apr 19, 2026, 6:43:01 PM",Kudos,Activity,18174812894
"Apr 19, 2026, 6:43:38 PM",Kudos,Activity,18167799944
"Apr 25, 2026, 4:47:02 PM",Kudos,Activity,18254795611
"Apr 25, 2026, 4:47:29 PM",Kudos,Activity,18252463369
"Apr 25, 2026, 4:51:40 PM",Kudos,Activity,18230091218
"Apr 27, 2026, 10:33:46 AM",Kudos,Activity,18276108465
"Apr 27, 2026, 10:33:47 AM",Kudos,Activity,18276168570
"Apr 27, 2026, 10:34:39 AM",Kudos,Activity,18267474077
"Apr 27, 2026, 6:35:11 PM",Kudos,Activity,18279026773
"May 2, 2026, 6:21:58 PM",Kudos,Activity,18348010919
"May 3, 2026, 7:17:40 PM",Kudos,Activity,18362703375
"May 10, 2026, 8:04:17 AM",Kudos,Activity,18440402633
"May 10, 2026, 10:33:18 AM",Kudos,Activity,18440759958
"May 10, 2026, 6:00:52 PM",Kudos,Activity,18452955659
"May 11, 2026, 5:13:26 PM",Kudos,Activity,18463214905
"May 12, 2026, 12:35:04 PM",Kudos,Activity,18473730167
"May 14, 2026, 12:53:54 PM",Kudos,Activity,18502695206
"May 20, 2026, 7:21:13 PM",Kudos,Activity,18585642747
"May 26, 2026, 3:38:27 PM",Kudos,Activity,18652961884
"May 26, 2026, 3:38:39 PM",Kudos,Activity,18652843387
"May 27, 2026, 4:57:29 AM",Kudos,Activity,18666573599
"May 27, 2026, 4:58:22 AM",Kudos,Activity,18663964094
"May 31, 2026, 6:49:30 PM",Kudos,Activity,18733157330
"May 31, 2026, 6:49:39 PM",Kudos,Activity,18727957396
"May 31, 2026, 6:49:41 PM",Kudos,Activity,18727828864
"May 31, 2026, 6:49:43 PM",Kudos,Activity,18727882366
"Jun 6, 2026, 12:52:42 PM",Kudos,Activity,18808308665
"Jun 28, 2026, 6:27:31 PM",Kudos,Activity,19101888416
"Jul 1, 2026, 10:06:37 AM",Kudos,Activity,19133761332
"Jul 1, 2026, 10:07:27 AM",Kudos,Activity,19125758326
"Jul 1, 2026, 10:11:13 AM",Kudos,Activity,19133010670
"Jul 4, 2026, 11:17:41 AM",Kudos,Activity,19171850255
"Jul 4, 2026, 11:17:48 AM",Kudos,Activity,19171518932
"Jul 5, 2026, 7:04:06 PM",Kudos,Activity,19190881652
"Jul 19, 2026, 5:54:32 AM",Kudos,Activity,19367455217
"Jul 19, 2026, 5:57:44 AM",Kudos,Activity,19351541736
"Jul 26, 2026, 3:48:11 PM",Kudos,Activity,19474466787
"Aug 5, 2026, 7:01:40 PM",Kudos,Activity,19607588073
"Aug 5, 2026, 7:07:25 PM",Kudos,Activity,19602479311
"Aug 8, 2026, 5:48:01 PM",Kudos,Activity,19656267156
"Aug 8, 2026, 5:48:16 PM",Kudos,Activity,19657612254
"Aug 8, 2026, 5:48:33 PM",Kudos,Activity,19657540381
"Aug 9, 2026, 10:49:39 AM",Kudos,Activity,19666233518
"Aug 9, 2026, 10:49:59 AM",Kudos,Activity,19664795690
"Aug 10, 2026, 12:42:18 PM",Kudos,Activity,19672275007
"Aug 10, 2026, 12:42:41 PM",Kudos,Activity,19670978228
"Aug 10, 2026, 12:42:48 PM",Kudos,Activity,19670678533
"Aug 10, 2026, 12:43:55 PM",Kudos,Activity,19667974851
"Aug 10, 2026, 12:44:02 PM",Kudos,Activity,19667914072
"Aug 12, 2026, 5:26:31 AM",Kudos,Activity,19701069663
"Aug 16, 2026, 1:21:08 PM",Kudos,Activity,19763858849
"Aug 16, 2026, 1:21:20 PM",Kudos,Activity,19763126010
"Aug 16, 2026, 1:21:38 PM",Kudos,Activity,19761921725
"Aug 16, 2026, 2:01:55 PM",Kudos,Activity,19767115637
"Aug 23, 2026, 1:03:02 PM",Kudos,Activity,19862270934
"Aug 23, 2026, 2:06:25 PM",Kudos,Activity,19864889694
"Aug 24, 2026, 1:53:46 PM",Kudos,Activity,19876011323
"Aug 24, 2026, 1:53:57 PM",Kudos,Activity,19869344694
"Aug 24, 2026, 1:54:00 PM",Kudos,Activity,19869422496
"Aug 24, 2026, 6:33:30 PM",Kudos,Activity,19881708830
"Sep 1, 2026, 6:54:07 PM",Kudos,Activity,19994644827
"Sep 6, 2026, 3:09:10 PM",Kudos,Activity,20060827314
"Sep 6, 2026, 3:09:24 PM",Kudos,Activity,20057840884
"Sep 12, 2026, 9:19:37 AM",Kudos,Activity,20130904917
"Sep 12, 2026, 5:25:31 PM",Kudos,Activity,20147334104
"Sep 12, 2026, 5:25:56 PM",Kudos,Activity,20145714536
"Sep 13, 2026, 10:01:42 AM",Kudos,Activity,20148655834
"Sep 13, 2026, 10:01:47 AM",Kudos,Activity,20147774263
"Sep 13, 2026, 10:02:30 AM",Kudos,Activity,20145807871
"Sep 13, 2026, 7:42:40 PM",Kudos,Activity,20162564327
"Sep 27, 2023, 4:27:49 AM",Like,Comment,1638958121
"May 27, 2024, 6:49:35 PM",Like,Comment,1814718467
"Jun 23, 2024, 3:45:22 PM",Like,Comment,1837893590
"Sep 2, 2024, 3:05:53 PM",Like,Comment,1899635524
"Sep 15, 2024, 3:30:17 PM",Like,Comment,1911908678
"Jan 12, 2025, 12:19:05 AM",Like,Comment,2012866571
"Mar 9, 2025, 12:06:49 PM",Like,Comment,2064637962
"May 14, 2025, 4:15:40 PM",Like,Comment,2143536774
"Jun 29, 2025, 4:32:26 PM",Like,Comment,2194942291
"Jun 29, 2025, 4:32:28 PM",Like,Comment,2194838888
"Jun 29, 2025, 4:32:26 PM",Like,Comment,2194922060
"Jul 12, 2025, 2:40:32 PM",Like,Comment,2207580946
"Apr 4, 2026, 7:16:18 PM",Like,Comment,2495407097
"Apr 10, 2026, 5:46:24 PM",Like,Comment,2502473652
"Apr 13, 2026, 7:47:27 AM",Like,Comment,2507538141
"Apr 18, 2026, 2:39:57 PM",Like,Comment,2513458147
"Apr 25, 2026, 4:46:24 PM",Like,Comment,2523732244
"May 2, 2026, 1:39:48 PM",Like,Comment,2533801575
"May 27, 2026, 4:57:20 AM",Like,Comment,2566741988
"Aug 16, 2026, 1:20:19 PM",Like,Comment,2664352007
"Aug 16, 2026, 1:25:21 PM",Like,Comment,2664375109
"Sep 11, 2026, 5:07:54 AM",Like,Comment,2695177977
